;exp;edu;hab;v_tit;v_desc;score;training_score;;;;;;;
0;Desenvolvedor Front End,Front End Developer;Produção Multimídia,Design Digital e Multimídia;CSS,HTML5,JavaScript,JQuery,Adobe Photoshop,PHP,Adobe Illustrator,SASS,Bootstrap,HTML,WordPress,Linux,AJAX,JSON,Git,Scrum,LESS,GitHub,GitLab,Kanban,Gulp.js,Adobe After Effects,FTP,CSS Sprites,Compass,Web Design Responsivo,SEO (Otimização de motores de busca);Técnico em Informática; Técnico de informática em campo, Sistemas Operacionais: Linux, Mac OS, Windows Outros programas: Servidores Web, AutoCAD, ERP, Microsoft Project, Servidores de E-mail, Servidores Proxy, Software de Contabilidade., Ensino Médio., Conhecimento em Gráficos/Web: Adobe Ilustrator, Adobe Photoshop.;6;0,4;;;;;;;
1;the same;the same;the same;Programador Front-end Pleno; Programador Front-end para desenvolvimento e manutenção de portais/landing pages, aplicativos, newsletters e outras atividades voltadas a área., Web standards, HTML5, CSS3, Pré-processadores (SASS, Compass), Javascript, jQuery, Desenvolvimento cross-browser, Desenvolvimento responsivo, Conhecimentos em SEO, Photoshop (PSD para HTML), AngularJS 1.x, Wordpress. Conhecimentos em PHP.;8;0,2;;;;;;;
2;the same;the same;the same;Programador Front-end; Atuar com o desenvolvimento de Layouts e código Front End de web sites, adaptação para Layouts responsivos, desejável conhecimento em Framework (Bootstrap, angular JS ou similares). Criar soluções de navegação e usabilidade para a melhor experiência do usuário., HTML 5, CSS 3, Java Script, jQuery, Pré- processadores SASS ou LESS, Ferramentas de edição de imagem como Photoshop, Illustrator, ou similares. Diferencial: angular JS, Node.js, Git,;8;0,2;;;;;;;
3;the same;the same;the same;Desenvolvedor Web Front-end Sênior; Atuar no desenvolvimento de aplicações WEB com especialização em Front-end., Desejável Banco de dados (SQL, MySQL). API (RESTFull, Webservice). HTML avançado. CSS avançado. SEO avançado. JavaScript intermediário. SASS. Bootstrap. WordPress. PHP. Adobe Photoshop, Sketch/Adobe Illustrator. Desenvolvimento de interfaces responsivas com técnicas de cross-browser e cross-device. Utilização de alguma ferramenta de gestão de código e versionamento, como: GIT e ou TFS.;7;0,3;;;;;;;
4;the same;the same;the same;Desenvolvedor Front End; Desenvolver iterações no front end de sistemas web e mobile para clientes da empresa., Experiência com HTML, JavaScript, CSS, JQuery, bootstrap. Responsabilidade e interesse em fazer parte de  empresa com DNA na área de webdesign e front end.;6;0,4;;;;;;;
5;the same;the same;the same;Programador Web Designer; Desenvolvimento de aplicações Web / Desktop. Implementação das funcionalidades levantadas pelo departamento de análise. Integração de Sistemas. Automação de Processos. Desenvolvimento de webservices. Manutenção em aplicações existentes. Análise de causa raiz dos problemas reportados., Ensino Superior., Conhecimento em banco de dados SQL Server, programação ASP, ASP.Net, CSS, Dot Net, Ruby Gráficos/Web: 3ds Max, Adobe Ilustrator e Adobe Photoshop.;7;0,3;;;;;;;
6;the same;the same;the same;Desenvolvedor Front- End Sênior; Atuar no desenvolvimento de aplicações para as mais diversas áreas para cliente de grande porte., Conhecimento avançado em HTML5, CSS3 e Sass, conhecimento de TypeScript, Angular e BootStrap, conhecimento de Bower, NPM e Gulp. Prática de desenvolvimento de Layouts Responsivos, conhecimento dos padrões Web (W3C), integrações entre sistemas via API (REST e WEBSERVICE). Desenvolvimento cross-browser, SEO (Otimizações para mecanismos de busca).;6;0,4;;;;;;;
7;the same;the same;the same;Analista Programador PHP; Desenvolver sistemas de aplicação Web e Mobile voltados para ERPs, NF-e, APIs, utilizando a linguagem PHP, programação orientada a objetos, desenvolvimento de web services. Fazer montagem da estrutura de banco de dados e codificação de programas., Experiência em programação PHP, HTML, CSS, JavaScript, SQL, Wordpress e pacote Adobe. Experiência no desenvolvimento de interfaces responsivas. Experiência em desenvolvimento front- end comprovados em PHP e outras linguagens. Experiência comprovada nas especificações solicitadas.;2;0,8;;;;;;;
8;the same;the same;the same;Programador PHP - Wordpress; Atuar com bootstrap JavaScript JQuery, Banco de dados MySQL, GIT, GitHub (diferencial).;8;0,2;;;;;;;
9;the same;the same;the same;Desenvolvedor Web; Atuar com HTML5, CSS3, Drupal, integração de vídeo e multimídia, Javascript, Design responsivo, JQuery e Node.js., Experiência na área. Ensino Superior.;8;0,2;;;;;;;
0;Analista Pleno,Auxiliar administrativo financeiro/suprimentos,Recepcionista,Auxiliar Administrativo. (Estágio),Auxiliar Administrativo.(Estágio);Bacharelado em Administração,Administração de Empresas;ERP (Planejamento de recursos empresariais),Microsoft Excel,Microsoft PowerPoint,Microsoft Office;Analista De Suporte; Suporte técnico a clientes., Superior em redes de computadores ou afins., Conhecimento em Windows Server. Banco de dados: SQL Server Aplicações de Escritório: LibreOffice, Lotus Notes, Microsoft Access, Microsoft Excel, Microsoft Outlook, Microsoft PowerPoint, Microsoft Word, Open Office, StarOffice Sistemas Operacionais: Windows.;5;0,5;;;;;;;
1;the same;the same;the same;Consultor De Vendas - Software Erp; Atender clientes do para venda de software ERP, CRM e BI, identificar soluções e necessidades técnicas e elaborar proposta comercial., Ensino Médio completo., Aplicações de Escritório: Microsoft Excel, Microsoft Outlook, Microsoft PowerPoint, Microsoft Word.;6;0,4;;;;;;;
2;the same;the same;the same;Suporte Técnico; Atuar na área de TI, dando suporte aos processos e produtos de hardware e software, para desenvolver a habilidade de solucionar os problemas dos colaboradores, clientes e parceiros. Ajudar o suporte técnico no atendimento dos chamados, sempre com supervisão do ponto de contato da área, auxiliar em tarefas administrativas do departamento, instalação e suporte ao pacote Office. Dar suporte na área de Telefonia, Administração em Servidores Windows / Linux e administração em Redes.;6;0,4;;;;;;;
3;the same;the same;the same;Analista de Sistemas; Suporte a ERP, banco de dados, suporte aos usuários e atendimentos nível 1 e 2., Experiência na função. Conhecimentos administrativos e linguagem de programação SQL. Desejável ter boa comunicação.;5;0,5;;;;;;;
4;the same;the same;the same;Assistente de Tecnologia da Informação; Atuar na administração da rede de computadores e suporte aos usuários. Faz manutenção geral dos hardwares e equipamentos, montagem de infraestrutura e manutenção em redes lógicas e elétricas, realizando a verificação e prevenção de quedas de energia., Conhecimentos em processos administrativos, contábeis, fiscal e RH, vivência com o conceito de trabalho ERP para implantação., Formação superior relacionado a tecnologia da informação (ciência da computação, sistema de informação, análise de sistemas, engenharia da computação, tecnólogo de ti), Conhecimentos em processos administrativos, contábeis, fiscal e rh. vivência com o conceito de trabalho erp para implantação, conhecimento avançado em excel, conhecimento em manipulação de arquivos de dados em csv.;2;0,8;;;;;;;
5;the same;the same;the same;Analista Programador Progress; Competências técnicas essenciais: Superior completo em TI, Desenvolvimento em Progress (TOTVS), Templates Datasul, Banco de dados - SQL, Experiência em programação. Competências técnicas desejáveis: Oracle, Java, HTML, soluções Microsoft, Projetos, Implantações de sistemas áreas administrativas. Atividades a serem desenvolvidas: Desenvolvimento e programação dos módulos (Controladoria, Financeiro, Logística), Participação de projetos de melhorias entre as áreas administrativas da empresa.;2;0,8;;;;;;;
6;the same;the same;the same;Auxiliar Administrativo de Tecnologia da Informação; Atuar na instalação de Windows 8, formatação e solução de problemas de Software, instalação do pacote Office e antivírus, instalação de impressoras. Manutenção de equipamentos, ingresso de máquinas e domínio., Ter trabalhado com ERP e desejável ter trabalhado com Protheus., Conhecimento em rotinas administrativas.;3;0,7;;;;;;;
7;the same;the same;the same;Auxiliar de Tecnologia da Informação; Auxiliar no desenvolvimento de projetos, prestar suporte., Cursando Técnico de Tecnologia da Informação, Análise de Sistemas, Ciências da Computação, Redes.;5;0,5;;;;;;;
8;the same;the same;the same;Estágio em Informática; Atuar como desenvolvedor Asp Script., Ensino Superior cursando em Tecnologia da Informação ou Técnico na área de Tecnologia da Informação., Conhecimento em informática.;5;0,5;;;;;;;
9;the same;the same;the same;Programador PHP; Atuar com Framework CakePHP, desenvolvimento back-end de sistemas administrativos, apoio com anormalidades e afins., Experiência na área. Ensino Superior.;2;0,8;;;;;;;
0;Técnico service Desk III;Analise e Desenvolvimento de Sistema,Tecnologia da Informação,Ensino Médio;;Assistente de Service Desk - Suporte Técnico; Realizar instalação, configuração e suporte ao sistema operacional Windows. Atuar com atendimento ao usuário, com configuração de impressora em rede, com mapeamento de unidade de rede e suporte em ambiente com servidores Windows., Experiência com ferramentas do pacote Office e atendimento help desk. Conhecimentos em manutenção de impressoras. Experiência em estruturas de redes Windows (AD, DHCP e DNS). Conhecimentos para suporte e manutenção de servidores Windows.;5;0,5;;;;;;;
1;the same;the same;the same;Técnico em Informática; Realizar a operação e manutenção de micros. Suporte a informática e help desk., Experiência e conhecimentos em servidores Windows 2003 a 2012, Linux e Firewall.;5;0,5;;;;;;;
2;the same;the same;the same;Analista Programador Java Pleno III e Sênior; Executar atividades/demandas de desenvolvimento corretivo e evolutivo de sistemas. Realizar atividades de preparação e configuração de ambiente para desenvolvimento. Realizar análise de escopo de demandas e planejamento de execução. Linguagem J2EE, HTML, CSS, Java script, Banco de Dados., Experiência com desenvolvimento de grandes sistemas na linguagem JAVA., Ensino Superior cursando em Sistemas de Informação, Ciência da Computação ou áreas afins.;3;0,7;;;;;;;
3;the same;the same;the same;Auxiliar de Suporte Técnico; Atuação com suporte técnico à Operação;0;1;;;;;;;
4;the same;the same;the same;Programador Java III; Atuação com as atividades relacionadas a área de programação Java, com desenvolvimento, suporte em anormalidades e afins., Experiência com desenvolvimento Java. Serão diferenciais conhecimentos em EJB, JSF, PrimeFaces, JBoss AS, JavaScript, Hibernate, JPA e SNMP. Graduação em Engenharia da Computação ou Ciência da Computação ou afins., ;5;0,5;;;;;;;
5;the same;the same;the same;Analista Suporte Técnico III; Prestar atendimento a todas as demandas relacionadas a recursos e serviços de TI, envolvendo Help Desk, Infraestrutura de TI, suporte técnico de infraestrutura e sistemas, customização de sistemas existentes conforme demandas. Suporte de áudio e vídeo e segurança da informação, visando a constante disponibilidade e funcionalidade dos sistemas de gestão e controle para os usuários., Superior em TI e áreas afins. Vivência na função. Conhecimento de protocolos de rede, segurança da informação e redes.;6;0,4;;;;;;;
6;the same;the same;the same;Auxiliar de Suporte Técnico; Dar suporte na gestão de incidentes no sistema de Service Desk. Auxiliar no suporte remoto e presencial ao usuário, no que se refere a utilização de softwares e desktops., Cursando Graduação em Sistemas da Informação, Análise de Sistemas, Ciência da Computação ou áreas afins.;5;0,5;;;;;;;
7;the same;the same;the same;Coordenador de Tecnologia da Informação; Dar suporte de TI. Analisar as necessidades locais de TI e infraestrutura e prover as soluções adequadas. Fazer interface com o ti global da empresa., Experiência como Coordenador de Tecnologia da Informação (infraestrurura, redes, sistemas), ambientes microsoft, soluções de rede, service desk. Atendimento ao cliente interno. Cloud computing e soluções de Cloud. , Ensino Superior em Ciências da Computação, Engenharia da Computação, Sistema da Informação ou Tecnologia em Redes de Computadores., Conhecimento de SAP business 1 (desejável). Certificação ITIL (desejável).;5;0,5;;;;;;;
8;the same;the same;the same;Analista de Tecnologia da Informação; Irá atuar com banco de dados, redes, manutenção de sistemas, hardware, software, help desk, Linus, e outros., Experiência na função. Diferencial ter atuado no varejo, conhecimento em banco de dados, redes, manutenção de sistemas, hardware, software, help desk, Linus, e outros. , Ensino Superior completo em Tecnologia Sistemas de Informação.;6;0,4;;;;;;;
9;the same;the same;the same;Desenvolvedor de Sistemas; Leitura e entendimento de documentação técnica. Desenvolvimento Web em Java com Hibernate, Oracle e Struts. Teste funcional sobre o desenvolvimento realizado., Experiência na área de tecnologia da informação ou com Help Desk., Ensino Superior em Andamento em TI ou áreas afins.;2;0,8;;;;;;;
0;Application Development Senior Analyst,Analista de Suporte,Estagiária de TI;Technologist,Computer Systems Analysis;SAP,SAP FI,Microsoft Excel,ERP;Consultor SAP FI; Projetos de implementação SAP, atuando especificamente com FI, academia SAP FI., Experiência na área., Certificação SAP FI.;8;0,2;;;;;;;
1;the same;the same;the same;Consultor SAP FI; Projetos de implementação SAP, atuando especificamente com FI, academia SAP FI., Experiência na área., Certificação SAP FI.;8;0,2;;;;;;;
2;the same;the same;the same;Analista de Suporte SAP Júnior; Atuar com suporte de primeiro nível aos usuários do Sistema SAP. Inglês avançado para conversação., Experiência em suporte de primeiro nível aos usuários do Sistema SAP.;7;0,3;;;;;;;
3;the same;the same;the same;Consultor SAP FI Pleno; Prestar consultoria no desenvolvimento e implantação de módulos SAP. Analisar sistemas, levantar processos e requisitos para solução. Participar na aplicação de testes, análise de funcionalidade e elaboração de documentação técnica., Conhecimentos em SAP FI.;7;0,3;;;;;;;
4;the same;the same;the same;Consultor SAP FI Pleno; Irá atuar com suporte melhorias e projetos SAP FI., Ensino Superior completo.;9;0,1;;;;;;;
5;the same;the same;the same;Consultor de Implantação - ERP Senior Sistemas; Realizar a implantação do ERP da Senior Sistemas em nossos clientes, realizar treinamento para os usuários e esclarecer dúvidas., Necessário experiência em implantação do sistema da Senior nos módulos de finanças, mercado, suprimento e controladoria. Necessário experiência em fazer customizações.;6;0,4;;;;;;;
6;the same;the same;the same;Consultor SAP Basis; Atuar com projetos SAP de Instalações/Upgrades/Suporte em Sistemas SAP 7.X e SAP S4/Hana., Necessário vivência profissional em rotinas de mantenimento de Sistemas SAP 7.X. Experiência em SAP GRC AC (implementação e mantenimento) Experiência em upgrade de EHP e SPS, experiência em SAP Solution Manager 7.1/7.2, experiência em rotinas de HSC. Desejável experiência em instalações Fiori. Desejável experiência em Projetos SAP de Instalações/Upgrades/Suporte em Sistemas SAP 7.X e SAP S4/Hana., Conhecimento em bancos de dados HANA, SYBASE e desejável ORACLE. Desejável certificação SAP HANA/SAP BASIS.;6;0,4;;;;;;;
7;the same;the same;the same;Consultor SAP BW / HANA; Ministrar cursos BW on HANA em um cliente externo, Visão geral do SAP HANA 1,0. SAP HANA Estúdio, arquitetura do SAP de computação in- memory, visão geral sobre o provisionamento de dados em SAP HANA usando, arquivo Simples carregar.SAP Data Services.SAP Replication Server LT, SAP Conexão Direta Extractor (DXC), Modelagem com Co-PA Cenário, reportagem SAP HANA Opções de Conectividade de Dados de Base. Microsoft Excel. SAP BusinessObject para o Office. SAP BusinessObjects para OLAP. SAP BusinessObjects para Explorer. SAP Crystal Reports, BusinessObjects Dashboards SAP. SAP BusinessObjects Web Intelligence, Fundamentos SAP HANA. SAP NetWeaver BW 7,3. SAP HANA otimizado objetos. DataStore Object (DSO). InfoCube. Objeto SemanticPartioned (SPO). Cenários mistos de SAP BW e esquemas HANA. Provedor transitória, Publicação de modelos SAP HANA ao Índice Analítico, Provedor Composite. HANA como sistema de origem via DB Conectar, Workspaces BW, Arquitetura escalável em camadas, sem SAP HANA, Arquitetura escalável em camadas plus plus (LSA + +) com a SAP HANA., Desejável experiência como Consultor SAP BW / HANA., Ensino Superior completo.;5;0,5;;;;;;;
8;the same;the same;the same;Analista SAP BW / HANA; Ministrar cursos BW on HANA em um cliente externo, Visão geral do SAP HANA 1,0. SAP HANA Estúdio, arquitetura do SAP de computação in- memory, visão geral sobre o provisionamento de dados em SAP HANA usando, arquivo Simples carregar.SAP Data Services.SAP Replication Server LT, SAP Conexão Direta Extractor (DXC), Modelagem com Co-PA Cenário, reportagem SAP HANA Opções de Conectividade de Dados de Base. Microsoft Excel. SAP BusinessObject para o Office. SAP BusinessObjects para OLAP. SAP BusinessObjects para Explorer. SAP Crystal Reports, BusinessObjects Dashboards SAP. SAP BusinessObjects Web Intelligence, Fundamentos SAP HANA. SAP NetWeaver BW 7,3. SAP HANA otimizado objetos. DataStore Object (DSO). InfoCube. Objeto SemanticPartioned (SPO). Cenários mistos de SAP BW e esquemas HANA. Provedor transitória, Publicação de modelos SAP HANA ao Índice Analítico, Provedor Composite. HANA como sistema de origem via DB Conectar, Workspaces BW, Arquitetura escalável em camadas, sem SAP HANA, Arquitetura escalável em camadas plus plus (LSA + +) com a SAP HANA., Necessário experiência comprovada na função. , Ensino Superior completo.;4;0,6;;;;;;;
9;the same;the same;the same;Analista de Sistemas; Atuar com suporte ao usuário, hardware e software., Conhecimentos em sistema SAP, ERP e outros.;5;0,5;;;;;;;
0;Analista de suporte,Estagiaria em TI.,Administrative;Bacharel,Sistemas da Informação;SAP,Microsoft Excel,SAP ERP,Gestão,ERP (Planejamento de recursos empresariais),ITIL,5S,Microsoft Project,Microsoft PowerPoint,Microsoft SQL Server,Microsoft Exchange,Desenvolvimento Android,Java,Microsoft Word,Centro de processamento de dados,Metodologia Kaizen,Servidor Windows,Hardware,Administraion,C#,PowerPoint,Management,Microsoft Office;Técnico Externo em Informática; Visitas a clientes externos. Configuração e formatação de notebooks e estações de trabalho. Adições de estações no domínio configuração de roteador wireless, configuração de impressoras de rede e configuração de contas de e-mail., Ensino Superior., Inglês (Básico - Requerido). Banco de dados: SQL Server Aplicações de Escritório: Microsoft Access, Microsoft Excel, Microsoft Outlook, Microsoft PowerPoint, Microsoft Word, Open Office, StarOffice. Sistemas Operacionais: Linux, Windows.;7;0,3;;;;;;;
1;the same;the same;the same;Analista De Suporte; Suporte técnico a clientes., Superior em redes de computadores ou afins., Conhecimento em Windows Server. Banco de dados: SQL Server Aplicações de Escritório: LibreOffice, Lotus Notes, Microsoft Access, Microsoft Excel, Microsoft Outlook, Microsoft PowerPoint, Microsoft Word, Open Office, StarOffice Sistemas Operacionais: Windows.;8;0,2;;;;;;;
2;the same;the same;the same;Consultor De Vendas - Software Erp; Atender clientes do para venda de software ERP, CRM e BI, identificar soluções e necessidades técnicas e elaborar proposta comercial., Ensino Médio completo., Aplicações de Escritório: Microsoft Excel, Microsoft Outlook, Microsoft PowerPoint, Microsoft Word.;10;0;;;;;;;
3;the same;the same;the same;Analista Desenvolvedor Pleno; Atuar com desenvolvimento, análise de melhorias e demais funções da área., Experiência com as tecnologias: VB.Net,C e SQL Server. Desejável experiência de 6 meses em Análise e desenvolvimento web. Banco de dados: SQL Server Programação: ASP, ASP.Net, C#, Dot Net, VB.Net. , Ensino Superior cursando em Engenharia/Ciência da Computação, Sistemas da Informação ou similar., Aplicações de Escritório: Microsoft Excel, Microsoft Outlook, Microsoft PowerPoint, Microsoft Word.;7;0,3;;;;;;;
4;the same;the same;the same;Técnico em Informática - Suporte A Software de Automação; Desenvolvimento de aplicações Web / Desktop. Implementação das funcionalidades levantadas pelo departamento de análise. Integração de Sistemas. Automação de Processos. Desenvolvimento de web services. Manutenção em aplicações existentes. Análise de causa raiz dos problemas reportados., Curso Técnico., Banco de dados: Firebird, SQL Server. Aplicações de Escritório: Microsoft Access, Microsoft Excel, Microsoft Outlook, Microsoft Power-Point, Microsoft Word, Open Office e StarOffice. Sistemas Operacionais: JavaOS, Windows. Outros programas: ERP, Servidores Web.;6;0,4;;;;;;;
5;the same;the same;the same;Desenvolvedor .NET; Atuar como desenvolvedor pleno em projetos de tecnologia com o que há de mais recente em plataforma web e mobile., Curso Técnico., Cursos de ASP, VB.Net, Ruby, R, Python, PHP, jQuery, JavaScript, Java, HTML, MATLAB, Dot Net, Cuda extensions, CSS, COBOL, C++, C+, C#, C, ASP.Net, Erlang. Aplicações de Escritório: StarOffice, Open Office, Microsoft Word, Microsoft PowerPoint, LibreOffice, Microsoft Excel, Microsoft Access, Lotus Notes, Microsoft Outlook. Sistemas Operacionais: JavaOS, Windows.;7;0,3;;;;;;;
6;the same;the same;the same;Analista de Suporte Técnico; Atuar com suporte por telefone, in-loco, remoto e help desk. Montagem, manutenção, configuração de computadores, redes, servidores, impressoras e suporte técnico a empresas. Prestar o auxílio ao setor, entre outras atividades da função., Desejável experiência em montagem, manutenção, configuração de computadores, redes, servidores, impressoras e suporte técnico a empresas. Desejável experiência com suporte ao cliente. Experiência em campo e atendimento presencial. , Ensino Médio completo. Desejável Superior na área de TI cursando ou concluído., Conhecimento em Microsoft Access, Microsoft Excel, Microsoft Outlook, Microsoft PowerPoint, Microsoft Word. Sistemas Operacionais: Linux e Windows. Outros programas: Servidores de E-mail.;7;0,3;;;;;;;
7;the same;the same;the same;Técnico de Suporte de Informática; Prestar suporte e manutenção de Desktops e Notebook, atender chamados de clientes - via remoto e presencial prestando os melhores serviços corporativos de informática., Ensino Técnico., Suporte a instalação e configuração do Sistema operacional Windows 2010 e pacote Office . Aplicações de Escritório: LibreOffice, Microsoft Excel, Microsoft Outlook, Microsoft PowerPoint, Microsoft Word. Windows, servidores de E-mail, servidores proxy.;7;0,3;;;;;;;
8;the same;the same;the same;Analista Especialista em Integração De Dados; Atuar com programação, Java, jQuery, MATLAB, PHP, VB.Net, R, Ruby, HTML, Python, Erlang, JavaScript, Cuda extensions, CSS, COBOL, C++, C+, C#, C, ASP.Net, ASP, Dot Net., Conhecimento em Microsoft Word, Microsoft PowerPoint, Microsoft Excel, Microsoft Outlook Sistemas Operacionais: VMS, FreeBSD, IBM OS, JavaOS, Linux, Mac OS, NetBSD, NT 4.0, Solaris, UNIX, Windows.;7;0,3;;;;;;;
9;the same;the same;the same;Programador PHP; Desenvolvimento de aplicações web, levantamento e implementação de requisitos, automação de processos, integração e desenvolvimento de web services, manutenção em aplicações existentes e análise de causa raiz dos problemas reportados., Ensino Superior. Experiência com banco de dados PostgreSQL, programação em CSS, HTML, JavaScript, jQuery e PHP Habilidades com gráficos / web, sendo: Adobe Photoshop e aplicações de escritório, como Microsoft Excel, Microsoft Outlook, Microsoft PowerPoint e Microsoft Word 7. Conhecimentos em sistemas operacionais Linux, Windows 8 e servidores Web. Será um diferencial ter noções em Magento (templating) e programação Android. Domínio sobre Web Services (WSDL e REST) e Angular.JS.;8;0,2;;;;;;;
0;CTO,Coordenador e Professor MBA,IT Architecture Manager,Coordenador de TI,Analista de Infraestrutura;MBA,Gestão de Projetos,Especialista,MBA Administração de Banco de Dados Oracle,Bacharel,Ciências da Computação;ITIL,Microsoft SQL Server,Big data,Linux,Hadoop,COBIT,Scrum,Cloud Computing,Big Data,DB2,Hive,Oracle Certified DBA,Datacenter Virtualization,SaaS,Enterprise Architecture,PaaS,Virtualization,IT Service Management,VMware Infrastructure,IaaS,Teradata,EMC Storage,SOA,Telecommunications,PMBOK,PMP,Oracle HR,Windows Azure,BI,Exadata,Com,TOGAF,SAS,Solaris,Netezza,vSphere,Pivotal,Inteligência empresarial,Computação em nuvem,Virtualização,Gerenciamento de serviços de TI,Metodologia PMBOK,Telecomunicações,PMP (Profissional de gestão de projeto),TOTVS ERP;Analista de ETL e Banco de Dados Júnior / Pleno; Administra banco de dados, envolvendo manutenção e implementação de processos., Experiência com ETL (podendo ser com Power Center, Data Stage, Integrayion Servicer, Pentaho ou linguagem de qualquer banco de dados). Experiência em Slq ansi ou Sql (Sqlserver,Oracle,Teradata). Experiência com modelagem relacional e Dimensional., Conhecimento em SAS ou Big Data (Hadoop, Hive Sql) ou Microsoft SQL server suite (SSIS, SSAS, SSRS).;8;0,2;;;;;;;
1;the same;the same;the same;Desenvolvedor Web Júnior; Programa, codifica e testa sistemas. Utiliza tecnologias tecnologia Java, JavaScript, Html, PHP, MySQL e SQL Server., Conhecimento em AngularJS, NET e C#. Microsoft .NET Architecture. ;6;0,4;;;;;;;
2;the same;the same;the same;Desenvolvedor Java / Flex; Desenvolver sistemas Java, desenvolvimento em MS SQL e/ou IBM DB2., Ensino Superior completo em áreas de TI. Desejável Pós-graduação ou MBA em área de TI. Conhecimentos em UML, desenvolvimento JEE;0;1;;;;;;;
3;the same;the same;the same;DBA SQL Server Sênior; Atuar com banco de dados: SQL Server e Oracle, otimização de Queries, Tuning, views, jobs, cluster, triggers, back-up e restore, performance, troubleshoot, desenvolvimento de procedures em ambiente complexos e infraestrutura, com modelagem de bases de dados e migração de versões de bancos de dados, com desenvolvimento e implantação de projetos BI e Big Data, ferramentas: Data Flow / Big Query / Data Studio. Desenvolver processos de integração com ETL e relatórios. Definir modelagem e modelos de dados BI., Experiência em administração de banco de dados. Ensino Superior.;7;0,3;;;;;;;
4;the same;the same;the same;Analista Programador PL SQL; Atuar em Oracle SQL e PL/SQL, Oracle Forms e Reports. Efetuar análise de negócio e gestão de projetos (PMBOK e Agile)., Conhecimento em desenvolvimento Java Web. Experiência com Oracle EBS.;6;0,4;;;;;;;
5;the same;the same;the same;Coordenador de Tecnologia da Informação; Dar suporte de TI. Analisar as necessidades locais de TI e infraestrutura e prover as soluções adequadas. Fazer interface com o ti global da empresa., Experiência como Coordenador de Tecnologia da Informação (infraestrurura, redes, sistemas), ambientes microsoft, soluções de rede, service desk. Atendimento ao cliente interno. Cloud computing e soluções de Cloud. , Ensino Superior em Ciências da Computação, Engenharia da Computação, Sistema da Informação ou Tecnologia em Redes de Computadores., Conhecimento de SAP business 1 (desejável). Certificação ITIL (desejável).;6;0,4;;;;;;;
6;the same;the same;the same;Coordenador de TI; Liderar Equipes e Gerenciamento de Projetos., Experiência em projetos de sistemas gerenciais de BI, datawarehouse., Conhecimento em Big Data e Analytics, Conhecimento R, métodos de data driven decision.;5;0,5;;;;;;;
7;the same;the same;the same;Analista Desenvolvedor Java; Atuar como desenvolvedor com atividades de suporte à usuário usando tecnologias Java num SaaS que aplica Big Data na gestão do crédito e cobrança e atuar com atividades de suporte à usuário usando tecnologias Java num SaaS que aplica Big Data na gestão do crédito e cobrança., Experiência avançada com programação Java + Java Web. Framework Spring (Mvc, Data, Rest, etc). SQL. HTML, CSS, Javascript, Bootstrap. Desenvolvimento e integrações de APIs Restful. Será um diferencial experiência com Big Data e AngularJS., Necessário Ensino Superior completo em Ciência da Computação ou cursos afins. Desejável especialização em curso ou concluída.;7;0,3;;;;;;;
8;the same;the same;the same;Analista de Sistemas Sênior (SQL Server / Oracle); Trabalhar com análise e desenvolvimento de sistemas (banco de dados SQL Server, Oracle e gerenciamento de projetos)., Formação: Superior completo em Ciência da Computação, Sistemas da Informação ou áreas afins. Experiência em análise e desenvolvimento de sistemas, banco de dados SQL Server, Oracle, gerenciamento de projetos (PMP), suporte de sistemas de Gestão Empresarial (ERP, RH, Importação, Exportação, BI, Varejo, E-commerce). Diferencial: Conhecimento ou experiência com sistema ERP Sapiens e Sistema Varejo.;8;0,2;;;;;;;
9;the same;the same;the same;Gerente Técnico; Gerenciamento da equipe de suporte e infraestrutura. Sistemas operacionais servidores Windows e Linux. Virtualização, administração de Storages e backup. Sistemas de correio eletrônico, gestão de serviços de TI, gerenciamento de projetos, segurança da informação, servidores de aplicação, banco de dados Oracle / SQL. Gestão de processos ITIL., Certificações obrigatórias: ITIL v3-Foundations e certificação de sistema operacional. Certificações desejáveis: Linux LPI 2, ITIL v3 - Intermediate, 70- 411-Administering Windows Server 2012, 70-410 - Installing and Configuring Windows Server 2012, 70- 412-Configuring Advanced Windows Server 2012 Services, PMP e COBIT., Ensino Superior completo em qualquer área de TI ou em qualquer área e curso de Pós-graduação em TI.;6;0,4;;;;;;;
0;Senior Data Scientist,Senior Soa Architect,Senior Software Architect,Senior Software Architect,CTO,Software Architect / Technical Lead (Claro Telecom),Researcher,Senior Software Analyst,Infrastructure Architect,System Analyst;Specialization,Data Science,Specialization,Data Mining,Master,Artificial Intelligence,Bachelor's degree,Computer Science;UML,Java,Oracle,Linux,Hibernate,Desenvolvimento de software,Design Patterns,Tomcat,Java Enterprise Edition,MySQL,Spring,JSF,AJAX,Agile Project Management,SQL,Software Development,SOA,Struts,JavaScript,Server Administration,Python,Web Development,PHP,SOA (Arquitetura voltada para serviços),WebLogic,Spring Framework,C++,Apache Tomcat,Serviços web,jQuery,Oracle SOA Suite,ESB,Weblogic,Oracle BPEL,BPMN,BPEL,Portlets,Agile Methodologies,Natural Language Processing,Machine Learning,Artificial Intelligence,Test Driven Development,Web Services,Apache Struts,Portlet Development,Computational Linguistics,Text Mining;Analista Programador Senior; Irá atuar com com desenvolvimento de sistemas, implantação e acompanhamento de projetos., Necessário experiência na área., Ensino Superior completo.;10;0;;;;;;;
1;the same;the same;the same;Programador Java Sênior; Atuar com programação de desenvolvimento de Java 8, Maven e Spring MVC, Java Beans e Java web. Realizar testes e configurações., Conhecimentos em sistema Senior e nas atividades descritas.;9;0,1;;;;;;;
2;the same;the same;the same;Analista Programador .NET; Desenvolvimento, manutenção e análise de sistemas e de negócio;7;0,3;;; ;; ;; 
3;the same;the same;the same;Programador .NET; Analisar requisitos - de criação e alteração de sistema - junto ao cliente. Analisar backlog na planning phase (SCRUM) e garantir estimativa de esforço e tempo. Desenvolver e garantir qualidade de desenvolvimento em Sprints (SCRUM). Desenvolver aplicações Web utilizando ASP .NET MVC em caráter Cloud Compliance. Desenvolver serviços RESTful de modo que esteja Cloud Compliance, em ASP.Net Web API com .Net Core. Desenvolver serviços Windows para processamentos background. Criar e alterar scripts DML (Data Manipulation Language) , DDL (Data Definition Language) e DQL (Data Query Language) de bancos de dados. Desenvolver aplicações com testes de unidade (Unit Tests). Testar aplicações desenvolvidas, garantindo o escopo como um todo. Planejar e estruturar funcionalidades de acordo com arquitetura existente. Aplicar conceitos de DDD (Domain Driven Design) e orientação a objeto na criação de funcionalidades., Conhecimentos em C#, .NET, ASP.NET, MVC, Entity Framework. Aplicações Web: Web Standards, HTML5, CSS3, JavaScript. Frameworks Javascript: jQuery, Bootstrap, AngularJS, NodeJS. Orientação a objetos: Design Patterns e DDD (Domain Driven Development). Metodologia ágil de Desenvolvimento de Software (SCRUM, Agile, Lean). Conhecimentos conceituais: MVC (Model-View-Controller), MVVM (Model-View-View-Model), TDD (Test Driven Development), Microservices, Entrega Contínua. Conhecimentos em manipulação de dados: ANSI SQL.;7;0,3;;;;;;;
4;the same;the same;the same;Analista Programador Oracle; DBA ORACLE Senior, com experiência em Desenvolvimento Oracle. ;0;1;;;;;;;
5;the same;the same;the same;Consultor de Implantação - ERP Senior Sistemas; Realizar a implantação do ERP da Senior Sistemas em nossos clientes, realizar treinamento para os usuários e esclarecer dúvidas., Necessário experiência em implantação do sistema da Senior nos módulos de finanças, mercado, suprimento e controladoria. Necessário experiência em fazer customizações.;6;0,4;;;;;;;
6;the same;the same;the same;Analista Desenvolvedor .NET; Desenvolvimento, manutenção e análise de sistemas e de negócio, programação orientada a objetos;0;1;;;;;;;
7;the same;the same;the same;Desenvolvedor PHP - Senior; Atuar com PHP - Experiência com Javascript + jQuery - HTML + CSS + XML - Framework Yii e DHTMLx , banco de dados Oracle PL/SQL , desenvolvimento Agile (Scrum)., Experiencia com as programações acima.;7;0,3;;;;;;;
8;the same;the same;the same;Analista / Desenvolvedor SOA; Desenvolvimento, programação, manutenção e testes. Experiência em arquitetura orientada por VITS, desenvolvimento OSB, BPEL, SOA, XPath, DAL e desenvolvimento aplicação para web, JAVA.;8;0,2;;;;;;;
9;the same;the same;the same;Programador Back-end; Desenvolvimento e manutenção em aplicativo multiplataforma utilizando recursos de Inteligência Artificial., Ter conhecimentos em Node.js, Express, APIs RESTFull, MongoDB, GoogleCloud e Natural Language Processing API, chatbots, Inteligência Artificial e Machine Learning.;8;0,2;;;;;;;
0;Consultor,Gerente de projetos / Preposto ,Architect,Consultor,Consultor;Pós Graduação,Docência em ensino superior,pós graduação ,Gerência de Projetos ,Gestão e TI;Microsoft SQL Server,RUP,Microsoft SharePoint,COBIT,JavaScript,ASP.NET,Project Management,Software Project Management,Microsoft Project,Microsoft Office Sharepoint Server,ASP.NET AJAX,ASP,VB.NET,Visual C#,Visual Studio,SharePoint Designer,Gestão de projetos de software,Arquiteto .net;Analista Programador .NET; Atuar com análise e elaboração de documentação do projeto (escopo), programação de sistemas web e mobile, modelagem e criação de Banco de Dados e comunicação com o cliente., Conhecimentos em: Programação ASP, C#.net MVC e Webform, Integração de Sistemas via Webservices e Microsoft SQL Server2012 ou Superior. Trabalhar com Team Fundation, Visual Studio 2015 ou superior. Implantação e integração de projetos na Nuvem (Microsoft, Oracle, Google e AWS (Amazon).Microsoft Office (Word, Excel, Power Point, Project). Diferenciais: Programação PHP, Jquery, SQL Server, MySQL, JSON, entre outros. Desenvolvimento em Mobile Microsoft (Windows mobile 6.0 e 7.0) e Microsoft SharePoint., Desejável Superior completo.;6;0,4;;;;;;;
1;the same;the same;the same;Analista de Sistemas Pleno - Sharepoint; Desenvolvimento de projetos Web em Sharepoint, .NET, C#, MVC e Web Services, banco de dados SQL Server, extração dos dados, criação de dashboard, desenvolvimento responsivo WEB / Smartfone. Banco de dados na Nuvem (Microsoft Azure). Consumo de API\'s de GeoLocalização., Ensino Superior.;6;0,4;;;;;;;
2;the same;the same;the same;Analista Desenvolvedor .NET; Atuar com desenvolvimento .NET, programação, teste e as demais rotinas do cargo., Superior completo ou cursando em Engenharia ou Ciência da Computação Conhecimento das ferramentas: .Net, .Net Core, C#, HTML, Bootstrap, Angular JS, Javascript, JQuery, CSS, ASP.NET, MVC, Web Forms, WCF, Web Services, Windows Forms, Windows Services, Web API, AngularJS, JQuery, Javascript, Ajax e Xamarin. Experiência em Ionic, IIS, VB6, TFS, Git, SVN, Scrum, Visual Studio, Visual Studio Code, Sharepoint, Azure, AWS, SQL Server, Oracle e MySQL. Desejável experiência em Microsoft Sharepoint e Slack. Desejável Inglês fluente.;6;0,4;;;;;;;
3;the same;the same;the same;Desenvolvedor .NET Pleno; Atuará sob orientação de consultores SharePoint para direcionamento de atividades., Experiência com .NET Framework nas versões de 3.5 e superiores., Conhecimento em HTML, CSS, JavaScript e JQuery. Desejável conhecimento na Plataforma SharePoint.;7;0,3;;;;;;;
4;the same;the same;the same;Desenvolvedor Sharepoint; Empresa que atua no mercado tecnológico realizando consultoria no desenvolvimento de soluções em sistemas de informação, estratégias para intranet/internet, fábrica de software e outsourcing;0;1;;;;;;;
5;the same;the same;the same;Analista Programador SharePoint; Atuar com análise de incidentes e problemas oriundos de produção. Desenvolvimento e manutenção de aplicações., Necessário conhecimento em desenvolvimento de Webparts, Features, Event Receiver, Webservices, Reporting Services e ferramentas Sharepoint Design. Desejável conhecimento de jQuery, JavaScript, XML. Desejável conhecimento de Arquitetura SharePoint. Conhecimento intermediário de SQL Server. Desejável Certificação SharePoint - Desejável Desenvolvimento. NET C#. Desejável desenvolvimento Infopath.;7;0,3;;;;;;;
6;the same;the same;the same;Analista Programador C#; Irá atuar com desenvolvimento e manutenção em sistemas C# e Sharepoint, Necessário experiência desenvolvimento C# e sharepoint., Ensino Médio completo.;7;0,3;;;;;;;
7;the same;the same;the same;Analista de Sistemas Pleno; Análise e levantamento de requisitos. Elaboração de orçamento de projetos de TI. Gestão de projetos de sistemas (elaboração e acompanhamento de cronogramas)., Experiência em desenvolvimento de sistemas. Conhecimento intermediário Microsoft Project. Conhecimento de processos de TI. Ter trabalhado em projetos que envolvem algumas destas tecnologias., .NET, ASP, Magento e APIs. Conhecimento intermediário em SQL.;7;0,3;;;;;;;
8;the same;the same;the same;Programador SharePoint; Programa em SharePoint, Work Flow e Forms, .NET, C# e SQL Server, codifica e testa sistemas. Executa a manutenção dos sistemas, fazendo eventuais correções necessárias, visando atender às necessidades dos usuários. Desenvolve trabalhos de montagem, depuração e testes de programas, executando serviços de manutenção nos programas já desenvolvidos., Experiência com desenvolvimento Sharepoint e banco de dados Oracle.;8;0,2;;;;;;;
9;the same;the same;the same;Desenvolvedor Sharepoint; Utilizando as seguintes tecnologias: Sharepoint, .Net, SQL., Conhecimento e domínio das tecnologias,;10;0;;;;;;;
0;Data Scientist,Udacity Code Reviewer - Intro to Data Science, Data Wrangling with MongoDB,Postdoctoral Research Scientist,Fellow;Data Science,Doctor of Philosophy (Ph.D.),Chemistry,Bachelor of Science (B.S.),Chemistry,High School,High School/Secondary Diplomas and Certificates;Data Science,Machine Learning,Python,SQL,MongoDB,NumPy,D3.js,Network Theory,Simulations,Molecular Dynamics,SciPy,Data Analysis,Computational Chemistry,Physical Chemistry,Monte Carlo Simulation,Biophysics,Molecular Modeling,Research,C,Science,Mathematical Modeling,R,Big Data,Linux,Data Visualization;Analista Júnior de ETL; Desenvolvimento e manutenção de processos de ETL utilizando SSIS (Microsoft SQL Server Integration Services., Experiência em: Modelagem data warehouse., Ensino Superior completo em Ciência da Computação, Sistema de Informação e áreas afins., Processos de carga ETL (extração-transformação- carga) nos bancos Oracle ou SQL Server PL/SQL, Data Manager, PowerCenter, Diferencial: SSIS (Integration Service), Data Tools, DataStage;8;0,2;;;;;;;
1;the same;the same;the same;Desenvolvedor Java Sênior; Desenvolvimento, análise de Software entre demais atividades pertinentes ao cargo., Ensino Superior completo., Java Spring Boot Spring Data RESTful API Redis Solar MongoDB.;7;0,3;;;;;;;
2;the same;the same;the same;DBA SQL Server Sênior; Atuar com banco de dados: SQL Server e Oracle, otimização de Queries, Tuning, views, jobs, cluster, triggers, back-up e restore, performance, troubleshoot, desenvolvimento de procedures em ambiente complexos e infraestrutura, com modelagem de bases de dados e migração de versões de bancos de dados, com desenvolvimento e implantação de projetos BI e Big Data, ferramentas: Data Flow / Big Query / Data Studio. Desenvolver processos de integração com ETL e relatórios. Definir modelagem e modelos de dados BI., Experiência em administração de banco de dados. Ensino Superior.;8;0,2;;;;;;;
3;the same;the same;the same;Analista Programador Java; Atuar com big e fast data, modelagem e administração de banco de dados, soluções de integração contínua e desenvolvimento ágil. Experiência em desenvolvimento de sistemas J2EE (Application Server e Design Patterns), inglês técnico para leitura e conversação. Desejável possuir certificação Java.;5;0,5;;;;;;;
4;the same;the same;the same;Programador C++; Desenvolver aplicativos embarcados em dispositivos como roteadores, modems e máquinas de cobrança de cartão de crédito. Ser responsável por desenvolvimento de software de alta complexidade que gera dados de qualidade a serem armazenados em uma plataforma de Big Data., Formação Superior em Ciência da Computação ou Engenharia. Necessário conhecimento profundo de programação em C e C++. Desejável, mas não necessário, conhecimento de plataformas Big Data como Hadoop/Spark e ferramentas como JSON e Kibana. Necessário experiência comprovada em programação.;7;0,3;;;;;;;
5;the same;the same;the same;Coordenador de TI; Liderar Equipes e Gerenciamento de Projetos., Experiência em projetos de sistemas gerenciais de BI, datawarehouse., Conhecimento em Big Data e Analytics, Conhecimento R, métodos de data driven decision.;4;0,6;;;;;;;
6;the same;the same;the same;Analista Desenvolvedor Java; Atuar como desenvolvedor com atividades de suporte à usuário usando tecnologias Java num SaaS que aplica Big Data na gestão do crédito e cobrança e atuar com atividades de suporte à usuário usando tecnologias Java num SaaS que aplica Big Data na gestão do crédito e cobrança., Experiência avançada com programação Java + Java Web. Framework Spring (Mvc, Data, Rest, etc). SQL. HTML, CSS, Javascript, Bootstrap. Desenvolvimento e integrações de APIs Restful. Será um diferencial experiência com Big Data e AngularJS., Necessário Ensino Superior completo em Ciência da Computação ou cursos afins. Desejável especialização em curso ou concluída.;3;0,7;;;;;;;
7;the same;the same;the same;Analista de TI Júnior; Atuará na área de Engenharia da TV, para construção e manutenção de aplicações web e aplicativos orientados às áreas de negócio e ao telespectador., Conhecimento em Linguagens e tecnologias: PHP, JavaScript, HTML e CSS, Frameworks/Microframeworks: Laravel e Lumen, utilização de APIs REST, MySQL, versionamento GIT. Linguagem de programação Python, Desenvolvimento mobile - iOS/Android, Utilização de serviços cloud como AWS/Google/Azure/IBM, Conhece ou utiliza ferramentas de BigData, Conhece ou utiliza ferramentas de Data Science, Gerenciamento básico do Linux como ambiente básico de servidores e Utilização de shell scripts.;3;0,7;;;;;;;
8;the same;the same;the same;Analista de Infraestrutura - Sênior; Atuar com configuração e implantação de redes, manutenção de servidores e data center, planejar capacidade e desenvolver projetos de melhorias dos serviços corporativos., Ensino Superior.;3;0,7;;;;;;;
9;the same;the same;the same;Programador PHP; Atuar com projetos, correções do sistema de CRM e programação., Necessário conhecimento em PHP 5 e 7, MySQL e MariaDB, JavaScript, CSS, Linux Ubuntu Server, Administração Servidor Apache. Diferencial Python, Desenvolvimento Mobile e Big Data. Ser pontual, pró-ativo e senso de dono.;2;0,8;;;;;;;
0;Gerente de desenvolvimento de TI,Development Manager,Development Team Lead,Senior System Analyst,Analista de Sistemas;Ciências da Computação e Informática;Scrum,SQL,SCRUM,Agile,ITIL,Agile Methodologies,UML,Management,Microsoft SQL Server,Oracle,Metodologias ágeis,Análise de requisitos,Gestão,Análise de sistemas,Desenvolvimento de software,Inteligência empresarial,Gestão de projetos de software,Gestão de TI,Gestão de projetos,Análise empresarial,Fast Function Point,Business Transformation Framework,Metrics by Gartner,Gestão de equipes,SDLC (Ciclo de vida do desenvolvimento de software);Gerente de Tecnologia da Informação; Atuar com as atividades de gestão de equipe de TI. Apoiar no desenvolvimento de sistema interno da empresa e telefonia, além de participar de reuniões., Conhecimentos avançados em Protheus, programação e desenvolvimento de sistemas. Experiência em gestão de pessoas. Ensino Superior.;7;0,3;;;;;;;
1;the same;the same;the same;Gerente de Tecnologia da Informação; Ser responsável pela área de TI, gerenciamento e acompanhamento de projetos de implementação de ERP, gestão da equipe de TI, gerenciamento de aplicativos, terceirização de infraestrutura, Telecom e serviços. Garantir o suporte e os ciclos de vida dos sistemas, a disponibilidade da estrutura de TI, o gerenciamento de segurança da informação e apresentação de novos projetos., Ensino Superior completo em Sistemas de Informação., Conhecimento em linguagem SQL, infraestrutura de TI (servidores, storages, redes, sistemas operacionais), softwares de gestão empresarial (ERP), linguagens de desenvolvimento Delphi ou Java, desenvolvimento web e em banco de dados Oracle.;5;0,5;;;;;;;
2;the same;the same;the same;Desenvolvedor .Net / Agile; Desenvolvimento .Net, SQL Server e projetos com metodologia Agile., Vivência nas atividades. Graduação completa.;6;0,4;;;;;;;
3;the same;the same;the same;Analista Programador PL SQL; Atuar em Oracle SQL e PL/SQL, Oracle Forms e Reports. Efetuar análise de negócio e gestão de projetos (PMBOK e Agile)., Conhecimento em desenvolvimento Java Web. Experiência com Oracle EBS.;5;0,5;;;;;;;
4;the same;the same;the same;Analista de Sistemas .NET Sênior; Levantamento e análise de requisitos. Análise de problemas e desenvolvimento de documentos de análise. Negociação de escopo com cliente. Gestão de cronograma., Experiência com Análise de Negócio, Análise de Sistemas, Gestão de Escopo, Gestão de Mudanças e Gestão de Equipe. Desejável vivência com metodologias ágeis. Desejável experiência com desenvolvimento de sistemas em .NET., Conhecimento em banco de dados Oracle ou SQL Server.;6;0,4;;;;;;;
5;the same;the same;the same;Especialista em Tecnologia da Informação - Redes; Atuar com gestão de infraestrutura de TI, gestão de aplicações e gestão de processos de negócios entre outras atividades pertinentes ao cargo.;7;0,3;;;;;;;
6;the same;the same;the same;Analista de Suporte Técnico; Fazer análise técnica, suporte de sistemas empresarias para gestão de pessoas e empresarial., Experiência em SQL, lógica de programação, administração.;7;0,3;;;;;;;
7;the same;the same;the same;Técnico de Suporte Gestão Empresarial; Irá prestar suporte técnico para instalação, configuração e manutenção de software e hardware., Ensino Médio completo. Desejável Ensino Superior em Administração ou Informática, Conhecimento em banco de Dados SQL. Conhecimento de informática, gestão corporativa. Conhecimento médio em SQL e Rede. ;6;0,4;;;;;;;
8;the same;the same;the same;Coordenador de Projetos de TI; Atuar na coordenação de projetos de desenvolvimento de TI e suporte no que for necessário., Experiência anterior em análise e desenvolvimento de sistemas. Conhecimento avançado na metodologia de gestão de projetos.;9;0,1;;;;;;;
9;the same;the same;the same;Programador; Atuar no desenvolvimento e análise de softwares de gestão, modelagem de programação e integração de sistemas., Ensino Superior em Sistemas de Informação ou áreas afins. Conhecimento na função, habilidade com .NET, banco de dados Oracle e SQL Server.;8;0,2;;;;;;;
