;exp;edu;hab;v_tit;v_desc;score;training_score
0;Analista de Sistemas SÌ»nior,Senior Windows Phone Developer,Analista de Desenvolvimento SÌ»nior,Fundador e Desenvolvedor .NET,LÌ?der de desenvolvimento,Colaborador,Desenvolvedor .NET SÌ»nior,Programador Junior;Superior Incompleto,AnÌÁlise e Desenvolvimento de Sistemas,Processamento de Dados;Xamarin,.NET,Windows Phone,Silverlight,Microsoft .NET,Android,Visual Basic,Sistemas operacionais,Windows Azure,WPF,Visual C#,Microsoft SQL Server,Mobile Applications,VB.NET,iPhone,PostgreSQL,Java,Windows 8,Scrum,Objective-C,GestÌ£o de projetos,ITIL;Desenvolvedor .NET; Microsoft SQL Server, C#, Amazon Web Services, ASP.NET MVC, JavaScript, Web Development, Google Analytics, JQuery, React.js, REST, CSS, Windows Phone, ComÌ©rcio eletrÌ«nico, E-commerce, Bootstrap, Scrum, Git, Microsoft Office., ExperiÌ»ncia nas atividades descritas., TecnÌ?logo ou Ensino Superior completo na ÌÁrea de Tecnologia.;7;0,3
1;the same;the same;the same;Analista Desenvolvedor .NET; Atuar com desenvolvimento .NET, programaÌ¤Ì£o, teste e as demais rotinas do cargo., Superior completo ou cursando em Engenharia ou CiÌ»ncia da ComputaÌ¤Ì£o Conhecimento das ferramentas: .Net, .Net Core, C#, HTML, Bootstrap, Angular JS, Javascript, JQuery, CSS, ASP.NET, MVC, Web Forms, WCF, Web Services, Windows Forms, Windows Services, Web API, AngularJS, JQuery, Javascript, Ajax e Xamarin. ExperiÌ»ncia em Ionic, IIS, VB6, TFS, Git, SVN, Scrum, Visual Studio, Visual Studio Code, Sharepoint, Azure, AWS, SQL Server, Oracle e MySQL. DesejÌÁvel experiÌ»ncia em Microsoft Sharepoint e Slack. DesejÌÁvel InglÌ»s fluente.;7;0,3
2;the same;the same;the same;Desenvolvedor e Programador .NET; Linguagem ASP.NET, VB.NET, XML e ADO.NET. Desenvolvimento .NET (preferencialmente VB.NET), tanto em plataforma web (ASP.NET) quanto em plataforma Windows (Windows Forms)., ExperiÌ»ncia com Web Services (criaÌ¤Ì£o e consumo). ExperiÌ»ncia com .NET 3.5 e Visual Studio. SÌ?lidos conhecimentos em OrientaÌ¤Ì£o a Objetos. ExperiÌ»ncia com Mvc, SQL Server (Procedures, Views, Modelagem de Dados, etc.). Habilidades em Arquitetura de software e levantamento de requisitos, conhecimento na metodologia scrum.;6;0,4
3;the same;the same;the same;Desenvolvedor Xamarin SÌ»nior; Desenvolvimento de aplicaÌ¤Ìµes mobile e desktop em Xamarin., ExperiÌ»ncia com: C#, Xamarin (Windows, iOS, Android), WPF, Xamarin Forms, GIT.;8;0,2
4;the same;the same;the same;Programador .NET SÌ»nior; Desenvolvimento e manutenÌ¤Ì£o de sistemas, VB6, .NET, C#, Visual Studio 2012, JavaScript, HTML, CSS e bancos de Dados SQL Server.;8;0,2
5;the same;the same;the same;Desenvolvedor Mobile - Xamarin; SerÌÁ responsÌÁvel por manter o FRONTEND E BACKEND do aplicativo de gestÌ£o mobile e desenvolver novas features., ExperiÌ»ncia com Visual Studio. - ExperiÌ»ncia em plataforma .Net, com Linguagem C# (Sharp). - ExperiÌ»ncia em desenvolvimento de aplicativos mobile.ExperiÌ»ncia em desenvolvimento na Plataforma Xamarin para sistemas operacionais iOS e Android., Ensino Superior Incompleto.;7;0,3
6;the same;the same;the same;Analista Desenvolvedor Mobile; Atuar na anÌÁlise e desenvolvimento mobile, participaÌ¤Ì£o em projetos,, Ensino Superior completo em Tecnologia. ExperiÌ»ncia em desenvolvimento de aplicativos mobile com tecnologias nativas (iOS, Android, Windows Phone) ou hÌ?bridas (Phonegap, Cordova, Mobile First). ;6;0,4
7;the same;the same;the same;Analista Programador IOS Pleno; Atuar com desenvolvimento de aplicativos mobile com tecnologias nativas (iOS, Android, Windows Phone) ou hÌ?bridas (phonegap, cordova, Mobile First)., ExperiÌ»ncia nas atividades acima descritas., Ensino Superior completo em completa na ÌÁrea de TI.;9;0,1
8;the same;the same;the same;Desenvolvedor Mobile; IrÌÁ atuar com manutenÌ¤Ì£o preventiva, corretiva e evolutiva de aplicativos Android, IOS, Windows Phone, Xamarin C# e APIs.NET jÌÁ desenvolvidos, alÌ©m da criaÌ¤Ì£o de novos aplicativos Android, Ios, Windows Phone, Xamarin C# e APIs .NET, criar e dar suporte na criaÌ¤Ì£o de documentaÌ¤Ì£o tÌ©cnica (UML), suporte no controle e manutenÌ¤Ì£o de IIS, suporte no controle e manutenÌ¤Ì£o de Banco de Dados SQLServer., DesejÌÁvel experiÌ»ncia em gestÌ£o de Servidor Windows Server 2008 R2 Datacenter. ExperiÌ»ncia em programaÌ¤Ì£o nativa para Android, IOS ou Windows Phone e/ou com Xamarin C# em APIs .NET. , Ensino TÌ©cnico ou Superior. DesejÌÁvel pÌ?s- graduaÌ¤Ì£o., Conhecimento em Ajax, software de controle de versÌ£o (GIT) e controle de horas. Conhecimentos em MVC, C#, linguagem de diagramaÌ¤Ì£o (HTML, DHTML), CSS (Cascate Style Sheet), Javascript, XML, anÌÁlise estruturada e orientada a objetos Web Services (API JSON). Diferencial conhecimento em Xamarin C# e Voip Mobile.;9;0,1
9;the same;the same;the same;Analista de Sistemas - Mobile; Atuar na anÌÁlise e desenvolvimento Mobile. ExperiÌ»ncia em desenvolvimento de aplicativos mobile com tecnologias nativas (iOS, Android, Windows Phone) ou hÌ?bridas (phonegap, cordova, Mobile First). Ensino Superior completo em Tecnologia.;8;0,2
0;Analista de desenvolvimento web,Desenvolvedor Front-End,Desenvolvedor Front-End,Instrutor Web;TecnÌ?logo,Sistemas para Internet,Sistema de InformaÌ¤Ì£o;HTML5,CSS,XHTML,WordPress,JavaScript,HTML,Adobe Photoshop,Adobe Dreamweaver,PHP,JQuery,Web Development,Git,Scrum,Google Analytics,MySQL,Dreamweaver,Front-end,Web design,User Interface Design,sass,less,Microsoft Excel,Linux,AJAX,GitHub,Microsoft Office,SQL,Desenvolvimento de sites,Sistema front-end,Desenvolvimento de interfaces,Design de interface do usuÌÁrio,ExperiÌ»ncia do usuÌÁrio,SEO (OtimizaÌ¤Ì£o de motores de busca),Aplicativos web,Metodologias ÌÁgeis;Programador em PHP / Bootstrat e Jquery; Desenvolvimento de e-commerce para o sistema de LojasVirtuais-BR, utilizando as linguagens de programaÌ¤Ìµes PHP, MySQL, JavaScritp, jQuery, HTML, CSS, Bootstrap, entre outras., Ensino TÌ©cnico. ExperiÌ»ncia com programaÌ¤Ì£o em HTML, JavaScript, jQuery e PHP. Habilidades com grÌÁficos / Web, como: Adobe Photoshop e Macromedia Dreamweaver.;8;0,2
1;the same;the same;the same;Desenvolvedor .NET; Microsoft SQL Server, C#, Amazon Web Services, ASP.NET MVC, JavaScript, Web Development, Google Analytics, JQuery, React.js, REST, CSS, Windows Phone, ComÌ©rcio eletrÌ«nico, E-commerce, Bootstrap, Scrum, Git, Microsoft Office., ExperiÌ»ncia nas atividades descritas., TecnÌ?logo ou Ensino Superior completo na ÌÁrea de Tecnologia.;6;0,4
2;the same;the same;the same;Programador PHP/WEB; ManutenÌ¤Ì£o e desenvolvimento de websites em HTML5, CSS3, PHP, MySQL, jQuery, Bootstrap, entre outros., Ensino Superior., SQL Server, C++, CSS, HTML, Java, jQuery, PHP, GrÌÁficos/Web: Adobe Photoshop, Macromedia Dreamweaver, Microsoft Excel, Linux, Mac OS e Servidores Web.;7;0,3
3;the same;the same;the same;Designer de Interface; Desenvolvimento de front-end (HTML / CSS e JavaScript) de interfaces digitais, aplicativos web, sistemas, etc. Desenvolvimento de sites, landpages e tÌ©cnicas em framework front-end Bootstrap. CriaÌ¤Ì£o de protÌ?tipos, programaÌ¤Ì£o front-end (HTML / CSS e Javascript), diagramaÌ¤Ì£o de materiais e projetos educativos, objetos de aprendizagem e jogos., ExperiÌ»ncia com desenvolvimento de interfaces digitais, visÌ£o de UX / UI, usabilidade e arquitetura de informaÌ¤Ì£o. DomÌ?nio em desenvolvimento web com HTML, CSS e JavaScript (jQuery, AngularJS), PHP, UI / UX design, metodologias ÌÁgeis, design print, design thinking e outros.;6;0,4
4;the same;the same;the same;Programador Front-end; Conhecimentos avanÌ¤ados em: HTML5, SASS, JavaScript e versionamento. ExperiÌ»ncia Front-end SÌ»nior. Atuar com desenvolvimento, programaÌ¤Ì£o e teste.;7;0,3
5;the same;the same;the same;Desenvolvedor Web Front-end SÌ»nior; Atuar no desenvolvimento de aplicaÌ¤Ìµes WEB com especializaÌ¤Ì£o em Front-end., DesejÌÁvel Banco de dados (SQL, MySQL). API (RESTFull, Webservice). HTML avanÌ¤ado. CSS avanÌ¤ado. SEO avanÌ¤ado. JavaScript intermediÌÁrio. SASS. Bootstrap. WordPress. PHP. Adobe Photoshop, Sketch/Adobe Illustrator. Desenvolvimento de interfaces responsivas com tÌ©cnicas de cross-browser e cross-device. UtilizaÌ¤Ì£o de alguma ferramenta de gestÌ£o de cÌ?digo e versionamento, como: GIT e ou TFS.;8;0,2
6;the same;the same;the same;Programador Front-end; Desenvolvimento de websites e aplicaÌ¤Ìµes baseadas em HTML, CSS, Javascript, Node e NPM. ParticipaÌ¤Ì£o em reuniÌµes de anÌÁlises de projetos. OtimizaÌ¤Ì£o de acesso de websites (SEO) configuraÌ¤Ì£o de Google Analytics e DFP., MandatÌ?rio conhecimento em HTML 5 e CSS 3, Sass, JavaScript e jQuery. DesejÌÁvel conhecimento em UX (User Experience), Less e Gulp.;8;0,2
7;the same;the same;the same;Analista de Desenvolvimento Web; Atuar com sistemas operacionais (Windows / Windows Server / Linux), Skype for business, SharePoint. ExperiÌ»ncia com desenvolvimento front-end, design responsive, mobile e cross-browser, desempenho, usabilidade e otimizaÌ¤Ì£o e web performance, e- commerce. ExperiÌ»ncia em otimizaÌ¤Ì£o de back-end e front-end para performance de e-commerce. ExperiÌ»ncia com ferramentas de controle de versionamento (Team Foundation Server, VSTS, GIT). ExperiÌ»ncia em C#/VB (MVC / Webforms), SQL, HTML / CSS / JavaScript, Webservice, AngularJs, Bootstrap., Conhecimento em aplicaÌ¤Ì£o SEO, Google Analytics, Google TAG Manager. Conhecimentos em pacote Office (Word, Excel. PowerPoint, Outlook), Office 365. InglÌ»s intermediÌÁrio. Ensino Superior em TI.;8;0,2
8;the same;the same;the same;Programador PHP; Desenvolvimento de sistemas para Web em PHP base de dados MySQL com as normas W3C Tableless CSS. Desenvolvimento de sistemas como, portais, lojas virtuais, controle de vendas, controle de estoques, administraÌ¤Ì£o de usuÌÁrios, criaÌ¤Ì£o de CMS e templates / temas para WORDPRESS e LMS MOODLE, focado em SEO, e mÌ?dias sociais., Conhecimentos em Javascript, HTML, CSS, XML, jQuery. Conhecimentos em SEO, arquitetura da informaÌ¤Ì£o, usabilidade e navegabilidade. DomÌ?nio de ferramentas e softwares para ediÌ¤Ì£o e desenvolvimento Adobe Fireworks, Adobe Dreamweaver, programaÌ¤Ì£o estruturada, programaÌ¤Ì£o OP Orientada por Objeto, conhecimento em Framework cake PHP).;7;0,3
9;the same;the same;the same;Programador HTML5; Desenvolvimento de projetos de interface HTML5 com CSS e JavaScript, manutenÌ¤Ì£o e testes., Conhecimento em HTML5. Conhecimento em CSS. Habilidade em desenvolvimento de interface de usuÌÁrio em ambiente Web. DesejÌÁvel habilidade em desenvolvimento de interface de usuÌÁrio em ambiente mÌ?vel.;7;0,3
0;Co-Founder & CBO (Chief Business Officer),Information Technology (IT) Manager,Planning, Budget and Processes Advisor,Information Technology (IT) Manager,Senior Systems Analyst;Master of Business Administration (MBA),BIG DATA (DATA SCIENCE),Computer Engineering (Focus on Software),Computer Software Engineering,Superior,Mechanical Technician ‰ÛÒ Full Qualification,Tecnologia em MecÌ¢nica Industrial;Big Data,Data Science,Machine Learning,GestÌ£o de TI,GestÌ£o de infraestrutura de TI,Spark,R (Linguagem de ProgramaÌ¤Ì£o),Hadoop,ERP (Planejamento de recursos empresariais),Planejamento estratÌ©gico,SQL,Oracle,Microsoft SQL Server,Banco de dados,ServiÌ¤os web,Linux,InteligÌ»ncia empresarial,Desenvolvimento de software,ITIL,MySQL,JavaScript,UML,Web Services,Databases,Desenvolvimento de sites,Protheus,BPMN,Sistemas operacionais,Data Mining,Business Intelligence,AnÌÁlise EstatÌ?stica,Software Development,MineraÌ¤Ì£o de dados,LideranÌ¤a de equipe,Scala,Functional programming,ComputaÌ¤Ì£o em nuvem,GestÌ£o de projetos,Amazon Web Services,PMP (Profissional de gestÌ£o de projeto),COBIT,Microsoft Project,Microsoft Excel,Aprendizado de mÌÁquina,ETL (ExtraÌ¤Ì£o, transformaÌ¤Ì£o e carregamento),PL/SQL,Gerenciamento de serviÌ¤os de TI,Project Management,Amazon Web Services (AWS),GestÌ£o;Analista JÌ¼nior de ETL; Desenvolvimento e manutenÌ¤Ì£o de processos de ETL utilizando SSIS (Microsoft SQL Server Integration Services., ExperiÌ»ncia em: Modelagem data warehouse., Ensino Superior completo em CiÌ»ncia da ComputaÌ¤Ì£o, Sistema de InformaÌ¤Ì£o e ÌÁreas afins., Processos de carga ETL (extraÌ¤Ì£o-transformaÌ¤Ì£o- carga) nos bancos Oracle ou SQL Server PL/SQL, Data Manager, PowerCenter, Diferencial: SSIS (Integration Service), Data Tools, DataStage;7;0,3
1;the same;the same;the same;Gerente de Tecnologia da InformaÌ¤Ì£o; Ser responsÌÁvel pela ÌÁrea de TI, gerenciamento e acompanhamento de projetos de implementaÌ¤Ì£o de ERP, gestÌ£o da equipe de TI, gerenciamento de aplicativos, terceirizaÌ¤Ì£o de infraestrutura, Telecom e serviÌ¤os. Garantir o suporte e os ciclos de vida dos sistemas, a disponibilidade da estrutura de TI, o gerenciamento de seguranÌ¤a da informaÌ¤Ì£o e apresentaÌ¤Ì£o de novos projetos., Ensino Superior completo em Sistemas de InformaÌ¤Ì£o., Conhecimento em linguagem SQL, infraestrutura de TI (servidores, storages, redes, sistemas operacionais), softwares de gestÌ£o empresarial (ERP), linguagens de desenvolvimento Delphi ou Java, desenvolvimento web e em banco de dados Oracle.;8;0,2
2;the same;the same;the same;Gerente de TI/ Projetos; GestÌ£o previa de times de OperaÌ¤Ì£o ou Infraestrutura de TI. GestÌ£o de Data Center e CPD (redes, blades, storages, servidores, cabeamento, normas, etc)., ExperiÌ»ncia em requisitos de sistema. ExperiÌ»ncia em gestÌ£o de projetos. ExperiÌ»ncia nas seguintes ferramentas: PLSQL, SIEBEL, Power Center, MS Project, Banco de dados Oracle. , GraduaÌ¤Ì£o completa em Engenharia da ComputaÌ¤Ì£o, Sistemas da InformaÌ¤Ì£o e afins., Conhecer de banco de dados SQL e MySQL. Conhecer sistemas de CI e automaÌ¤Ì£o. Conhecer de MS- Exchange Server.;4;0,6
3;the same;the same;the same;DBA SQL Server SÌ»nior; Atuar com banco de dados: SQL Server e Oracle, otimizaÌ¤Ì£o de Queries, Tuning, views, jobs, cluster, triggers, back-up e restore, performance, troubleshoot, desenvolvimento de procedures em ambiente complexos e infraestrutura, com modelagem de bases de dados e migraÌ¤Ì£o de versÌµes de bancos de dados, com desenvolvimento e implantaÌ¤Ì£o de projetos BI e Big Data, ferramentas: Data Flow / Big Query / Data Studio. Desenvolver processos de integraÌ¤Ì£o com ETL e relatÌ?rios. Definir modelagem e modelos de dados BI., ExperiÌ»ncia em administraÌ¤Ì£o de banco de dados. Ensino Superior.;3;0,7
4;the same;the same;the same;CTO - Chief Technology Officer; Gerenciamento no desenvolvimento de sistemas e negÌ?cios, elaborando planilhas e relatÌ?rios da ÌÁrea., ExperiÌ»ncia em tecnologia e negÌ?cio. DesejÌÁvel experiÌ»ncia anterior em start up., FormaÌ¤Ì£o em CiÌ»ncias da ComputaÌ¤Ì£o ou Engenharia correlacionada., Conhecimentos avanÌ¤ados em arquitetura de sistemas, programaÌ¤Ì£o e projeto de software.;9;0,1
5;the same;the same;the same;Especialista em Tecnologia da InformaÌ¤Ì£o - Redes; Atuar com gestÌ£o de infraestrutura de TI, gestÌ£o de aplicaÌ¤Ìµes e gestÌ£o de processos de negÌ?cios entre outras atividades pertinentes ao cargo.;3;0,7
6;the same;the same;the same;Desenvolvedor HADOOP SÌ»nior; ConfecÌ¤Ì£o de especificaÌ¤Ì£o tÌ©cnica detalhada dos projetos. ImplementaÌ¤Ì£o e manutenÌ¤Ì£o de rotinas de captura, transformaÌ¤Ì£o e persistÌ»ncia de dados usando ecossistema Hadoop (Big Data). ImplementaÌ¤Ì£o e manutenÌ¤Ì£o de scripts de carga e movimentaÌ¤Ì£o de dados. ImplementaÌ¤Ì£o e manutenÌ¤Ì£o de rotinas em SQL. ExecuÌ¤Ì£o de testes unitÌÁrios e integrados. Acompanhamento e suporte durante a implementaÌ¤Ì£o dos projetos em ambiente produtivo., Superior completo na ÌÁrea de TI. ExperiÌ»ncia profissional atuando como desenvolvedor Java (back-end). SÌ?lidos conhecimentos de Linux/Unix, principalmente no desenvolvimento de shellscripts, SQL, experiÌ»ncia prÌ©via em projetos de BI/Datawarehouse e atuando em projetos Big Data. Conhecimentos ObrigatÌ?rios: Java, SQL, Linux Shellscript, Hadoop, MapReduce, HDFS, Hive e GPDB - Greenplum Database.;6;0,4
7;the same;the same;the same;Coordenador de TI; Liderar Equipes e Gerenciamento de Projetos., ExperiÌ»ncia em projetos de sistemas gerenciais de BI, datawarehouse., Conhecimento em Big Data e Analytics, Conhecimento R, mÌ©todos de data driven decision.;7;0,3
8;the same;the same;the same;Analista Desenvolvedor Java; Atuar como desenvolvedor com atividades de suporte ÌÊ usuÌÁrio usando tecnologias Java num SaaS que aplica Big Data na gestÌ£o do crÌ©dito e cobranÌ¤a e atuar com atividades de suporte ÌÊ usuÌÁrio usando tecnologias Java num SaaS que aplica Big Data na gestÌ£o do crÌ©dito e cobranÌ¤a., ExperiÌ»ncia avanÌ¤ada com programaÌ¤Ì£o Java + Java Web. Framework Spring (Mvc, Data, Rest, etc). SQL. HTML, CSS, Javascript, Bootstrap. Desenvolvimento e integraÌ¤Ìµes de APIs Restful. SerÌÁ um diferencial experiÌ»ncia com Big Data e AngularJS., NecessÌÁrio Ensino Superior completo em CiÌ»ncia da ComputaÌ¤Ì£o ou cursos afins. DesejÌÁvel especializaÌ¤Ì£o em curso ou concluÌ?da.;5;0,5
9;the same;the same;the same;Gerente TÌ©cnico; Gerenciamento da equipe de suporte e infraestrutura. Sistemas operacionais servidores Windows e Linux. VirtualizaÌ¤Ì£o, administraÌ¤Ì£o de Storages e backup. Sistemas de correio eletrÌ«nico, gestÌ£o de serviÌ¤os de TI, gerenciamento de projetos, seguranÌ¤a da informaÌ¤Ì£o, servidores de aplicaÌ¤Ì£o, banco de dados Oracle / SQL. GestÌ£o de processos ITIL., CertificaÌ¤Ìµes obrigatÌ?rias: ITIL v3-Foundations e certificaÌ¤Ì£o de sistema operacional. CertificaÌ¤Ìµes desejÌÁveis: Linux LPI 2, ITIL v3 - Intermediate, 70- 411-Administering Windows Server 2012, 70-410 - Installing and Configuring Windows Server 2012, 70- 412-Configuring Advanced Windows Server 2012 Services, PMP e COBIT., Ensino Superior completo em qualquer ÌÁrea de TI ou em qualquer ÌÁrea e curso de PÌ?s-graduaÌ¤Ì£o em TI.;3;0,7
0;Researcher,Mentor & Advisor,Editorial Board Member,Co-founder,Co-founder, CTO;Idea to IPO,Entrepreneurship/Entrepreneurial Studies,Dr.,Computer Science,A,In cooperation with UFRGS, Brazil, Dr. degree,Computer Science,Master of Science (M.Sc.),Computer Science,A,Bachelor of Technology (B.Tech.),Informatics,9.4 - from a range of 0 (worst) to 10 (best),B.Sc.,Mechanical Engineering,Elementary and high school;Computer Science,Software Development,Simulations,C++,Software Engineering,Algorithms,Programming,High Performance Computing,eHealth,R&D,Start-ups,Distributed Systems,Telemedicine,Entrepreneurship,Virtual Reality,Machine Learning,Project Management,Mobile Applications,Management,Strategy,Linux,Research and Development (R&D),High Performance Computing (HPC);Analista de Sistemas SÌ»nior - .Net / Cloud; Atuar com desenvolvimento .Net e Plataforma Cloud, realizar testes, anÌÁlises e programaÌ¤Ìµes. Superior completo em Tecnologia da InformaÌ¤Ì£o. ExperiÌ»ncia em desenvolvimento, implantaÌ¤Ì£o e manutenÌ¤Ì£o sistemas e APIs. ExperiÌ»ncia no desenvolvimento em Microsoft Azure. ExperiÌ»ncia no desenvolvimento em .Net 4.5 (Superior) & ASPNet. ExperiÌ»ncia em bancos: Oracle, MySQL e SQL Server. InglÌ»s TÌ©cnico.;6;0,4
1;the same;the same;the same;CTO - Chief Technology Officer; Gerenciamento no desenvolvimento de sistemas e negÌ?cios, elaborando planilhas e relatÌ?rios da ÌÁrea., ExperiÌ»ncia em tecnologia e negÌ?cio. DesejÌÁvel experiÌ»ncia anterior em start up., FormaÌ¤Ì£o em CiÌ»ncias da ComputaÌ¤Ì£o ou Engenharia correlacionada., Conhecimentos avanÌ¤ados em arquitetura de sistemas, programaÌ¤Ì£o e projeto de software.;8;0,2
2;the same;the same;the same;Analista Programador .NET; Trabalhar na manutenÌ¤Ì£o da API CanIhelp, robÌ« e desenvolvimento de novas funcionalidades., ExperiÌ»ncia em migration, ASP.NET Web API, Web Request C, MySQL, Entity Framework, Unity Of Work, Repository Pattern, DDD, Injection Dependency C / POO. ;4;0,6
3;the same;the same;the same;Desenvolvedor . Net; Atuar com desenvolvedor ASP.NET, Framework 4.5 ou superior, MVC, Front-end & Back-end, ExperiÌ»ncia na ÌÁrea descrita. ;3;0,7
4;the same;the same;the same;Analista de TI JÌ¼nior; AtuarÌÁ na ÌÁrea de Engenharia da TV, para construÌ¤Ì£o e manutenÌ¤Ì£o de aplicaÌ¤Ìµes web e aplicativos orientados ÌÊs ÌÁreas de negÌ?cio e ao telespectador., Conhecimento em Linguagens e tecnologias: PHP, JavaScript, HTML e CSS, Frameworks/Microframeworks: Laravel e Lumen, utilizaÌ¤Ì£o de APIs REST, MySQL, versionamento GIT. Linguagem de programaÌ¤Ì£o Python, Desenvolvimento mobile - iOS/Android, UtilizaÌ¤Ì£o de serviÌ¤os cloud como AWS/Google/Azure/IBM, Conhece ou utiliza ferramentas de BigData, Conhece ou utiliza ferramentas de Data Science, Gerenciamento bÌÁsico do Linux como ambiente bÌÁsico de servidores e UtilizaÌ¤Ì£o de shell scripts.;2;0,8
5;the same;the same;the same;Analista Desenvolvedor Mobile; Atuar como desenvolvedor Mobile Xamarim par Android & iOS. Realizar a elaboraÌ¤Ì£o de requisitos e da programaÌ¤Ì£o aplicativos mobile, desenvolve, testa e implementa. Elaborar e orientar atividades de correÌ¤Ì£o e manutenÌ¤Ì£o dos programas. Codificar e realizar os testes e ajusta sistemas existentes para acompanhar as mudanÌ¤as e necessidades dos usuÌÁrios., ExperiÌ»ncia como desenvolvedor Mobile Xamarim par Android & iOS.;3;0,7
6;the same;the same;the same;Programador Mobile iOS & Android; Atuar com desenvolvimento WEB e Mobile (nativo), Android Studio, XCODE / Swift 3.0, PHP, MySQL, HTML5, CSS3, jQuery e JavaScript., ExperiÌ»ncia na ÌÁrea., Ensino Superior completo.;3;0,7
7;the same;the same;the same;Desenvolvedor .NET - Pleno; AtuaÌ¤Ì£o com C#, ASP.NET WebForms, MySQL (SQL, DML e DDL). AnÌÁlise de especificaÌ¤Ìµes e levantamento de requisitos, com JavaScript, HTML5, jQuery, APIs com Ajax, Rest, Soap, XML e JSon, alÌ©m de SVN., SerÌ£o diferenciais conhecimentos em Multi Threads, Generics, Amazon AWS, IIS e High Avaliability. Habilidades para trabalho em equipe frenÌ©tica. Ensino Superior.;3;0,7
8;the same;the same;the same;Analista de Tecnologia da InformaÌ¤Ì£o; Projetar, instalar, configurar e monitorar a rede de computadores, configurar as polÌ?ticas e procedimentos d ÌÁrea de TI, oferecer soluÌ¤Ìµes em informÌÁtica, prestar suporte tÌ©cnico ao usuÌÁrio, acionar suporte de terceiros, instalar software e hardware, administrar os serviÌ¤os de telefonia, sistemas e impressoras., ImprescindÌ?vel experiÌ»ncia com implantaÌ¤Ì£o de sistemas., Ensino Superior completo.;2;0,8
9;the same;the same;the same;Full Stack Developer; Atuar com Development, realizar programaÌ¤Ì£o, testes, configuraÌ¤Ìµes e as demais rotinas do cargo., ExperiÌ»ncia em PHP, Javascript, jQuery, Databases, Web Applications, HTML5 & CSS3, Angular.JS, REST APIs, AWS, Website and Mobile Layout and Design.;3;0,7
0;Frontend Developer,Desenvolvedor Front-end,Programador Web,EstagiÌÁrio Web Designer;AnÌÁlise e Desenvolvimento de Sistemas;HTML5,CSS,HTML,JSON,CSS 3,Javascript,jQuery,Bootstrap,Ajax,TFS,CSS Sprites,Sass,MySQL,PHP,Bower,Sharepoint,Target Process,Web design,JQuery,JavaScript,Less,GruntJS,NPM,Desenvolvimento de sites,PadrÌµes web,Software de cÌ?digo aberto,Desenvolvimento de interfaces;Analista Programador Front-end; Atuar no desenvolvimento de produto e tecnologias, com HTML, JavaScript, CSS, Microsoft SQL e com diferentes frameworks, realizar a implementaÌ¤Ì£o e a manutenÌ¤Ì£o de novos sistemas e ajustar sistemas existentes, entre outras atividades., ExperiÌ»ncia com HTML, CSS3, JavaScript, jQuery e Ajax, JSON, Bootstrap. VivÌ»ncia com CSS PreProcessors (LESS / Sass). ExperiÌ»ncia na funÌ¤Ì£o., Ensino Superior completo., Conhecimentos em Responsive / Adaptative Web Design, com sistemas de controle de versÌ£o Git e lÌ?gica de programaÌ¤Ì£o.;8;0,2
1;the same;the same;the same;Desenvolvedor Front-end; IrÌÁ atuar em fÌÁbrica de software., ExperiÌ»ncia no desenvolvimento de Javascript, Jquery, CSS, LESS, HTML5, SCRUM, JSON, WebAPI.;7;0,3
2;the same;the same;the same;Designer de Interface; Desenvolvimento de front-end (HTML / CSS e JavaScript) de interfaces digitais, aplicativos web, sistemas, etc. Desenvolvimento de sites, landpages e tÌ©cnicas em framework front-end Bootstrap. CriaÌ¤Ì£o de protÌ?tipos, programaÌ¤Ì£o front-end (HTML / CSS e Javascript), diagramaÌ¤Ì£o de materiais e projetos educativos, objetos de aprendizagem e jogos., ExperiÌ»ncia com desenvolvimento de interfaces digitais, visÌ£o de UX / UI, usabilidade e arquitetura de informaÌ¤Ì£o. DomÌ?nio em desenvolvimento web com HTML, CSS e JavaScript (jQuery, AngularJS), PHP, UI / UX design, metodologias ÌÁgeis, design print, design thinking e outros.;6;0,4
3;the same;the same;the same;Programador Front-end; Atuar como web designer na criaÌ¤Ì£o de novos sites e pÌÁginas com base em templates utilizando HTML 5, PHP, CSS 3 e Bootstrap, aplicando prÌÁticas de SEO., DesejÌÁveis conhecimentos avanÌ¤ados em HTML 5, PHP, CSS 3 e Bootstrap.;7;0,3
4;the same;the same;the same;Desenvolvedor Front-end; Suporte para equipe em implementaÌ¤Ìµes de design do front-end. CriaÌ¤Ì£o de protÌ?tipos de interface., ExperiÌ»ncia no uso das tecnologias, como: HTML5, JavaScript, jQuery, CSS3, Twitter Bootstrap, NodeJS, AngularJS, SASS, Bower, Grunt e NPM. VivÌ»ncia em desenvolvimento de sistemas que rodam em: Apache, Nginx, Jetty e JBoss. Conhecimento de automaÌ¤Ì£o de testes: Jasmine, Protractor, Karma, Junit, Selenium, PHP. ExperiÌ»ncia em controle de versionamento com Git e SVN (desejÌÁvel).;8;0,2
5;the same;the same;the same;Web Developer PHP SÌ»nior; Atuar com programaÌ¤Ì£o de Sistemas ERP em ambiente Web, testes e configuraÌ¤Ìµes. Ensino Superior na ÌÁrea de Tecnologia ou Engenharia. SÌ?lidos conhecimentos de PHP / MySQL, HTML, CSS, Bootstrap, jQuery e JavaScript.;8;0,2
6;the same;the same;the same;Analista Programador Web - PHP; Desenvolvimento Web nas linguagens PHP, CSS, HTML, JavaScript com atuaÌ¤Ì£o utilizando JQuery, Ajax e MySQL., Conhecimentos de SQL Server e VB.NET serÌ£o diferenciais. Ensino Superior completo ou cursando em Tecnologia da InformaÌ¤Ì£o.;8;0,2
7;the same;the same;the same;Programador Back-end; Atuar no desenvolvimento de sites e sistemas utilizando a tecnologia PHP, MySQL, HTML5, JavaScript e CSS., Ensino Superior.;8;0,2
8;the same;the same;the same;Programador Web; Conhecimentos em PHP, HTML5, CSS e MYSQL. Atuar com desenvolvimento, teste e programaÌ¤Ì£o.;9;0,1
9;the same;the same;the same;Desenvolvedor Web; IrÌÁ desenvolver iteraÌ¤Ìµes no Frontend de sistemas Web e Mobile para clientes da empresa., ExperiÌ»ncia em HTML, Javascript, CSS, JQuery e bootstrap. , Ensino Superior completo.;7;0,3
0;Programadora Java Pleno,Desenvolvedora Web JÌ¼nior,EstagiÌÁria em Desenvolvimento Web,Ajudante Geral,Auxiliar de produÌ¤Ì£o,Entrevistadora;PÌ?s-GraduaÌ¤Ì£o,Engenharia Web,Bacharel em Sistemas de InformaÌ¤Ì£o,Tecnologia da InformaÌ¤Ì£o;AngularJS,JavaScript,HTML,CSS,JSF,Java,MySQL,JPA,Spring Framework,Bootstrap,PostgreSQL,UML,Java Enterprise Edition,Jasper Reports,Web Services,MVC,Servlets,REST,XHTML,Desenvolvimento de sites,Git;Programador SÌ»nior; Atuar com programaÌ¤Ì£o ANGULAR, JAVASCRIPT, SCRUM, JAVA., ExperiÌ»ncia na ÌÁrea., Bacharel em Sistema da InformaÌ¤Ì£o., Conhecimento em InglÌ»s.;7;0,3
1;the same;the same;the same;Analista Programador Java; Atuar no desenvolvimento de Sistema utilizando linguagem de programaÌ¤Ì£o Java JSF. Atuar com sistema fiscal, produÌ¤Ì£o, financeiro, contÌÁbil (ERP completo)., ExperiÌ»ncia em desenvolvimento Java JSF, Banco de Dados PostgreSQL, Linux.;6;0,4
2;the same;the same;the same;Programador Java JÌ¼nior; Atuar com desenvolvimento, teste e programaÌ¤Ì£o. Ter bons conhecimentos em Java(J2EE), PHP, JSF, Ruby, Rails, HTML 5, CSS, JavaScript, Angular JS, jQuery, Bootstrap, Primefaces, Hibernate, Spring MVC, Spring Batch,Maven, Struts, Jasper Reports e Studio, SVN, Git, Nginx, Jboss, Server, SQL, Android SDK, Linux e Shell Script. Ensino Superior completo ou cursando.;6;0,4
3;the same;the same;the same;Analista Programador Java; Atuar com desenvolvimento de aplicaÌ¤Ìµes JAVA baseadas nas tecnologias Java Servlet, e Java Server Pages (JSP) para servidores de aplicaÌ¤Ìµes e servidores de aplicaÌ¤Ì£o web, tais como Jboss, WebLogic, WebSphere, Apache Tomcat, entre outros. Conhecimentos profundos de IDE\'s (Eclipse e Netbeans), Javascript, HTML, XML e Spring Batch. Codificar programas e testesunitÌÁrios (JUnit), Conhecimentos prÌÁticos de sistema operacional, banco de dados relacional. Implantar as aplicaÌ¤Ìµes desenvolvidas., ExperiÌ»ncia em desenvolvimento usando ferramentas Java Standard Edition (Java SE), Java Enterprise Edition (JEE).;6;0,4
4;the same;the same;the same;Desenvolvedor Java; Realiza as fases de elaboraÌ¤Ì£o de requisitos e da programaÌ¤Ì£o de sistemas Java, desenvolve, testa e implementa., Experiencia comprovada em desenvolvimento de sistemas em mÌ©todos ÌÁgeis, java Development Kit Enterprise Edition (Java EE, JSP), Spring Web MVC, Spring Boot / Arquitetura de micro serviÌ¤os, Angular. ExperiÌ»ncia boa com HTML, CSS e JavaScript, Query, stack Netflix., Superior Completo.;7;0,3
5;the same;the same;the same;Programador Java Pleno; Atuar com Java para Web (HTML, CSS, javascript, jQuery), JSP com Servlets., ExperiÌ»ncia em Java para Web (HTML, CSS, javascript, jQuery), JSP com Servlets. ExperiÌ»ncia com arquitetura de soluÌ¤Ìµes (AplicaÌ¤Ìµes em camadas, MVC, procedural, etc). AnÌÁlise de requisitos. , Conhecimentos TÌ©cnicos em Java J2EE.;8;0,2
6;the same;the same;the same;Programador Java; Programador Java Web e Desktop. Ter conhecimentos avanÌ¤ados nas linguagens Java, Javascript, HTML, SQL e nos bancos de dados Oracle, SQL Server, MySQL e PostgreSQL., DesejÌÁvel portfÌ?lio com sites jÌÁ desenvolvidos, experiÌ»ncia na ferramenta Eclipse, JQuery, Bootstrap e Jasper.;8;0,2
7;the same;the same;the same;Desenvolvedor Java Pleno; Atuar nos sistemas Hibernate, JPA, JSF, EJB, Spring, Java Script: Bootstrap, AngularJS, JQuery, servidores de aplicaÌ¤Ì£o: JBoss, Tomcat e banco de dados: Oracle e SQL Server., Ensino Superior completo em Sistemas de InformaÌ¤Ì£o ou Sistemas da ComputaÌ¤Ì£o., DesejÌÁvel conhecimento em HTML5.;8;0,2
8;the same;the same;the same;Desenvolvedor Web; Dominar o paradigma de programaÌ¤Ì£o orientada a objeto., Ensino Superior., InglÌ»s tÌ©cnico. Conhecimento na linguagem de programaÌ¤Ì£o Java J2EE (JSF, EJB, Maven, JBOSS Seam, Javascript). Conhecimentos em XHTML, Oracle PL/SQL, modelagem UML, engenharia de software e processos de desenvolvimento de software, Bugzilla e SVN.Forte conhecimento em desenvolvimento front-end (JSF e XHTML) serÌÁ um diferencial. Superior completo em Sistemas de InformaÌ¤Ì£o, CiÌ»ncia da ComputaÌ¤Ì£o ou afi;7;0,3
9;the same;the same;the same;Analista de Sistemas Java; Desenvolvimento de sistemas em Java para web, participaÌ¤Ì£o em projetos, testes etc., ExperiÌ»ncia desenvolvendo sistemas em Java para Web (Java EE, EJB, JSF ou similar). ExperiÌ»ncia em Banco de Dados Oracle (PL / SQL). DesejÌÁvel experiÌ»ncia com desenvolvimento JBoss Seam. DesejÌÁvel conhecimentos em Spring Framework, JSF, Facelets, Richfaces, JPA, Hibernate, Ant, Maven, JUnit, Selenium e Jasper Reports.;7;0,3
0;Analista de Sistemas JÌ¼nior,Professor,Desenvolvedor de Software;Master's degree,Computer Science,Bachelor's degree,Computer Science;Java,HTML,SQL,PostgreSQL,Software Development,UML,CSS,Linux,JavaScript,jQuery,Scrum;Desenvolvedor Java SÌ»nior; Atuar com engenharia de software, geraÌ¤Ì£o de documentaÌ¤Ì£o tÌ©cnica Linux, Windows e pacote Office , ferramenta de controle de versionamento de cÌ?digo. Realizar testes e programaÌ¤Ìµes., ExperiÌ»ncia em desenvolvimento de software, experiÌ»ncia com Git em desenvolvimento de frameworks , desenvolvimento baseado em componentes, com metodologias ÌÁgeis e ferramentas de integraÌ¤Ì£o contÌ?nua serÌÁ um diferencial., Ensino Superior em CiÌ»ncia da ComputaÌ¤Ì£o, AnÌÁlise de Sistemas ou ÌÁreas afins., Conhecimentos comprovados em: Arquitetura de Sistemas, Java, Spring MVC, Web Development, Hibernate, Oracle, AngularJS, Jquery, HTML5 e UML.;7;0,3
1;the same;the same;the same;Desenvolvedor .NET; IrÌÁ atuar em Desenvolvimento em C# e .NET, dentre outras atividades relacionadas a funÌ¤Ì£o., ExperiÌ»ncia na funÌ¤Ì£o., GraduaÌ¤Ì£o ou estar cursando Engenharia da ComputaÌ¤Ì£o, AnÌÁlise de Sistemas ou ÌÁreas correlatas., Conhecimento Web (HTML, CSS, Javascript, JQuery);7;0,3
2;the same;the same;the same;Analista de Sistemas; Atuar com SQL Server, em SO\\\'s Windows, ITL, SGBD\\\'s e VersÌµes, Backup, restore e recuperaÌ¤Ì£o em monitoraÌ¤Ì£o de Banco de Dados., Ensino Superior em CiÌ»ncias da ComputaÌ¤Ì£o, Sistema de InformaÌ¤Ì£o ou ÌÁreas afins. CertificaÌ¤Ì£o em SQL Server.;7;0,3
3;the same;the same;the same;Analista Desenvolvedor Front-end; Desenvolver Sistemas Web (Front End). Manter os Sistemas Desenvolvidos., ExperiÌ»ncia em desenvolvimento utilizando Javascript, CSS, JSON, GIT, Nodejs, API\\\'s Rest e MVC. DesejÌÁvel vivÌ»ncia em Java e SQL, Ensino Superior completo.;7;0,3
4;the same;the same;the same;Desenvolvedor de Sistemas JÌ¼nior; AtuaÌ¤Ì£o com as atividades de programaÌ¤Ì£o PHP e JavaScript, com banco de dados PostgreSQL, entre outras atividades da ÌÁrea., ExperiÌ»ncia com linguagem PHP, HTML 5 e CSS, com banco de dados PostgreSQL. Ensino Superior.;8;0,2
5;the same;the same;the same;Programador Web; Desenvolvimento de sites institucionais, hotsites e landing pages, focado em programaÌ¤Ì£o front-end (HTML, CSS, jQuery), alÌ©m de PHP e sistemas CMS (Content Management)., Conhecimento avanÌ¤ado em HTML / CSS / jQuery / Bootstrap (responsividade). Conhecimentos intermediÌÁrio em PHP. ExperiÌ»ncia com CMS\'s do mercado, CMS\'s / frameworks desejÌÁveis, Laravel, Drupal e October.;8;0,2
6;the same;the same;the same;Analista de TI JÌ¼nior; AtuarÌÁ na ÌÁrea de Engenharia da TV, para construÌ¤Ì£o e manutenÌ¤Ì£o de aplicaÌ¤Ìµes web e aplicativos orientados ÌÊs ÌÁreas de negÌ?cio e ao telespectador., Conhecimento em Linguagens e tecnologias: PHP, JavaScript, HTML e CSS, Frameworks/Microframeworks: Laravel e Lumen, utilizaÌ¤Ì£o de APIs REST, MySQL, versionamento GIT. Linguagem de programaÌ¤Ì£o Python, Desenvolvimento mobile - iOS/Android, UtilizaÌ¤Ì£o de serviÌ¤os cloud como AWS/Google/Azure/IBM, Conhece ou utiliza ferramentas de BigData, Conhece ou utiliza ferramentas de Data Science, Gerenciamento bÌÁsico do Linux como ambiente bÌÁsico de servidores e UtilizaÌ¤Ì£o de shell scripts.;6;0,4
7;the same;the same;the same;Analista de Sistemas; Atuar com SGBD\'s e VersÌµes;0;1
8;the same;the same;the same;Programador PHP; Programa PHP. Realiza correÌ¤Ìµes e testes de programas jÌÁ desenvolvidos., Conhecimentos em WordPress, Woocommerce e integraÌ¤Ì£o com API\'s. HTML, CSS e JavaScript.;7;0,3
9;the same;the same;the same;Desenvolvedor Scrum Master; Programar, codificar e testar linguagens de programaÌ¤Ì£o, com base nos sistemas desenvolvidos entre demais atividades na funÌ¤Ì£o.;7;0,3
0;Data Scientist,Data Scientist,Analyst Developer,Undergraduate Researcher,Volunteer Firefighter;Master's of Applied Computing,Artificial Intelligence,Bachelor of Computer Information Systems,Artificial Intelligence;Data mining,Natural Language Processing,Machine Learning,Unstructured data,Data science,Artificial Intelligence,Text mining,SQL,Research,GestÌ£o de projetos,Python,R programming,Java,Scrum,Ontologies,Big data;Analista JÌ¼nior de ETL; Desenvolvimento e manutenÌ¤Ì£o de processos de ETL utilizando SSIS (Microsoft SQL Server Integration Services., ExperiÌ»ncia em: Modelagem data warehouse., Ensino Superior completo em CiÌ»ncia da ComputaÌ¤Ì£o, Sistema de InformaÌ¤Ì£o e ÌÁreas afins., Processos de carga ETL (extraÌ¤Ì£o-transformaÌ¤Ì£o- carga) nos bancos Oracle ou SQL Server PL/SQL, Data Manager, PowerCenter, Diferencial: SSIS (Integration Service), Data Tools, DataStage;6;0,4
1;the same;the same;the same;DBA SQL Server SÌ»nior; Atuar com banco de dados: SQL Server e Oracle, otimizaÌ¤Ì£o de Queries, Tuning, views, jobs, cluster, triggers, back-up e restore, performance, troubleshoot, desenvolvimento de procedures em ambiente complexos e infraestrutura, com modelagem de bases de dados e migraÌ¤Ì£o de versÌµes de bancos de dados, com desenvolvimento e implantaÌ¤Ì£o de projetos BI e Big Data, ferramentas: Data Flow / Big Query / Data Studio. Desenvolver processos de integraÌ¤Ì£o com ETL e relatÌ?rios. Definir modelagem e modelos de dados BI., ExperiÌ»ncia em administraÌ¤Ì£o de banco de dados. Ensino Superior.;4;0,6
2;the same;the same;the same;Analista Programador Java; Atuar com big e fast data, modelagem e administraÌ¤Ì£o de banco de dados, soluÌ¤Ìµes de integraÌ¤Ì£o contÌ?nua e desenvolvimento ÌÁgil. ExperiÌ»ncia em desenvolvimento de sistemas J2EE (Application Server e Design Patterns), inglÌ»s tÌ©cnico para leitura e conversaÌ¤Ì£o. DesejÌÁvel possuir certificaÌ¤Ì£o Java.;7;0,3
3;the same;the same;the same;Programador C++; Desenvolver aplicativos embarcados em dispositivos como roteadores, modems e mÌÁquinas de cobranÌ¤a de cartÌ£o de crÌ©dito. Ser responsÌÁvel por desenvolvimento de software de alta complexidade que gera dados de qualidade a serem armazenados em uma plataforma de Big Data., FormaÌ¤Ì£o Superior em CiÌ»ncia da ComputaÌ¤Ì£o ou Engenharia. NecessÌÁrio conhecimento profundo de programaÌ¤Ì£o em C e C++. DesejÌÁvel, mas nÌ£o necessÌÁrio, conhecimento de plataformas Big Data como Hadoop/Spark e ferramentas como JSON e Kibana. NecessÌÁrio experiÌ»ncia comprovada em programaÌ¤Ì£o.;3;0,7
4;the same;the same;the same;Analista Programador Java; Atuar nas atividades de levantamento, desenvolvimento, manutenÌ¤Ì£o e suporte a testes., ExperiÌ»ncia comprovada na funÌ¤Ì£o. ExperiÌ»ncia em projetos de inteligencia artificial, Java, CSS3, HTML 5, AplicaÌ¤Ìµes Mobile, Oracle, metodologia Scrum., Superior em CiÌ»ncia da ComputaÌ¤Ì£o Engenharia da ComputaÌ¤Ì£o ou Sistema da InformaÌ¤Ì£o., Conhecimento em Oracle.;3;0,7
5;the same;the same;the same;Coordenador de TI; Liderar Equipes e Gerenciamento de Projetos., ExperiÌ»ncia em projetos de sistemas gerenciais de BI, datawarehouse., Conhecimento em Big Data e Analytics, Conhecimento R, mÌ©todos de data driven decision.;7;0,3
6;the same;the same;the same;Programador Back-end; Desenvolvimento e manutenÌ¤Ì£o em aplicativo multiplataforma utilizando recursos de InteligÌ»ncia Artificial., Ter conhecimentos em Node.js, Express, APIs RESTFull, MongoDB, GoogleCloud e Natural Language Processing API, chatbots, InteligÌ»ncia Artificial e Machine Learning.;5;0,5
7;the same;the same;the same;Analista Desenvolvedor Java; Atuar como desenvolvedor com atividades de suporte ÌÊ usuÌÁrio usando tecnologias Java num SaaS que aplica Big Data na gestÌ£o do crÌ©dito e cobranÌ¤a e atuar com atividades de suporte ÌÊ usuÌÁrio usando tecnologias Java num SaaS que aplica Big Data na gestÌ£o do crÌ©dito e cobranÌ¤a., ExperiÌ»ncia avanÌ¤ada com programaÌ¤Ì£o Java + Java Web. Framework Spring (Mvc, Data, Rest, etc). SQL. HTML, CSS, Javascript, Bootstrap. Desenvolvimento e integraÌ¤Ìµes de APIs Restful. SerÌÁ um diferencial experiÌ»ncia com Big Data e AngularJS., NecessÌÁrio Ensino Superior completo em CiÌ»ncia da ComputaÌ¤Ì£o ou cursos afins. DesejÌÁvel especializaÌ¤Ì£o em curso ou concluÌ?da.;7;0,3
8;the same;the same;the same;Analista de Infraestrutura - SÌ»nior; Atuar com configuraÌ¤Ì£o e implantaÌ¤Ì£o de redes, manutenÌ¤Ì£o de servidores e data center, planejar capacidade e desenvolver projetos de melhorias dos serviÌ¤os corporativos., Ensino Superior.;3;0,7
9;the same;the same;the same;Desenvolvedor Fullstack - Foco em Front; Desenvolvimento de projetos e produtos da empresa (SaaS). ManutenÌ¤Ì£o e testes., FormaÌ¤Ì£o na ÌÁrea de Tecnologia ou CiÌ»ncias Exatas., Conhecimento em Front-end para Web Development, Node.js e JavaScript (intermediÌÁrio) - APIs. Diferenciais: C# e/ou ASP.Net, idealmente .Net core, Web framework/MVH (AngularJS, React, Vue.js), idealmente Angular 2/4, SQL, MongoDB ou Neo4J (ou outro banco ou tecnologia de grafos), Big data, BI, dashboards, Crawling, desenvolvimento de APP hÌ?brido ou nativo para iOS e Android, UX, Design, inteligÌ»ncia artificial (bots, machine learning, NLP etc.), Webhooks, seguranÌ¤a da informaÌ¤Ì£o, Azure e/ou escalabilidade de servidores cloud Habilidades e perfil de gestÌ£o.;7;0,3
0;Data Scientist,Data Scientist ,Data Scientist,Data Scientist,Data Scientist;Master's degree,Computer and Information Sciences,Engineer's degree,Electronic and Computational Engineering;Python,C++,Algorithms,Machine Learning,Neural Networks,Linux,Matlab,Scrum,Java,Artificial Intelligence,Optimization,C,Data Science,Computer Vision,Pattern Recognition,Startup,Image Processing,Digital Image Processing,Fuzzy Logic,SQL,Computational Intelligence,Data MIning,Genetic Algorithms,Deep Learning;Analista JÌ¼nior de ETL; Desenvolvimento e manutenÌ¤Ì£o de processos de ETL utilizando SSIS (Microsoft SQL Server Integration Services., ExperiÌ»ncia em: Modelagem data warehouse., Ensino Superior completo em CiÌ»ncia da ComputaÌ¤Ì£o, Sistema de InformaÌ¤Ì£o e ÌÁreas afins., Processos de carga ETL (extraÌ¤Ì£o-transformaÌ¤Ì£o- carga) nos bancos Oracle ou SQL Server PL/SQL, Data Manager, PowerCenter, Diferencial: SSIS (Integration Service), Data Tools, DataStage;7;0,3
1;the same;the same;the same;Desenvolvedor Java SÌ»nior; Desenvolvimento, anÌÁlise de Software entre demais atividades pertinentes ao cargo., Ensino Superior completo., Java Spring Boot Spring Data RESTful API Redis Solar MongoDB.;8;0,2
2;the same;the same;the same;DBA SQL Server SÌ»nior; Atuar com banco de dados: SQL Server e Oracle, otimizaÌ¤Ì£o de Queries, Tuning, views, jobs, cluster, triggers, back-up e restore, performance, troubleshoot, desenvolvimento de procedures em ambiente complexos e infraestrutura, com modelagem de bases de dados e migraÌ¤Ì£o de versÌµes de bancos de dados, com desenvolvimento e implantaÌ¤Ì£o de projetos BI e Big Data, ferramentas: Data Flow / Big Query / Data Studio. Desenvolver processos de integraÌ¤Ì£o com ETL e relatÌ?rios. Definir modelagem e modelos de dados BI., ExperiÌ»ncia em administraÌ¤Ì£o de banco de dados. Ensino Superior.;6;0,4
3;the same;the same;the same;Programador C++; Desenvolver aplicativos embarcados em dispositivos como roteadores, modems e mÌÁquinas de cobranÌ¤a de cartÌ£o de crÌ©dito. Ser responsÌÁvel por desenvolvimento de software de alta complexidade que gera dados de qualidade a serem armazenados em uma plataforma de Big Data., FormaÌ¤Ì£o Superior em CiÌ»ncia da ComputaÌ¤Ì£o ou Engenharia. NecessÌÁrio conhecimento profundo de programaÌ¤Ì£o em C e C++. DesejÌÁvel, mas nÌ£o necessÌÁrio, conhecimento de plataformas Big Data como Hadoop/Spark e ferramentas como JSON e Kibana. NecessÌÁrio experiÌ»ncia comprovada em programaÌ¤Ì£o.;4;0,6
4;the same;the same;the same;Coordenador de TI; Liderar Equipes e Gerenciamento de Projetos., ExperiÌ»ncia em projetos de sistemas gerenciais de BI, datawarehouse., Conhecimento em Big Data e Analytics, Conhecimento R, mÌ©todos de data driven decision.;9;0,1
5;the same;the same;the same;Programador Back-end; Desenvolvimento e manutenÌ¤Ì£o em aplicativo multiplataforma utilizando recursos de InteligÌ»ncia Artificial., Ter conhecimentos em Node.js, Express, APIs RESTFull, MongoDB, GoogleCloud e Natural Language Processing API, chatbots, InteligÌ»ncia Artificial e Machine Learning.;7;0,3
6;the same;the same;the same;Analista Desenvolvedor Java; Atuar como desenvolvedor com atividades de suporte ÌÊ usuÌÁrio usando tecnologias Java num SaaS que aplica Big Data na gestÌ£o do crÌ©dito e cobranÌ¤a e atuar com atividades de suporte ÌÊ usuÌÁrio usando tecnologias Java num SaaS que aplica Big Data na gestÌ£o do crÌ©dito e cobranÌ¤a., ExperiÌ»ncia avanÌ¤ada com programaÌ¤Ì£o Java + Java Web. Framework Spring (Mvc, Data, Rest, etc). SQL. HTML, CSS, Javascript, Bootstrap. Desenvolvimento e integraÌ¤Ìµes de APIs Restful. SerÌÁ um diferencial experiÌ»ncia com Big Data e AngularJS., NecessÌÁrio Ensino Superior completo em CiÌ»ncia da ComputaÌ¤Ì£o ou cursos afins. DesejÌÁvel especializaÌ¤Ì£o em curso ou concluÌ?da.;6;0,4
7;the same;the same;the same;Programador Java EE Pleno; Desenvolver, testar e analisar bugs e correÌ¤Ìµes., ExperiÌ»ncia com JAVA EE., Ensino Superior cursando., Conhecimentos ObrigatÌ?rios: Java EE e OrientaÌ¤Ì£o a Objetos, Spring Data JPA, etc), JPA e Hibernate e HTML5, CSS3 e JavaScript. Conhecimentos DesejÌÁveis: Angular 4 (Ì© um grande diferencial!), RESTful Web Services, SOAP, JSF e CDI, Ecossistema Spring (Spring MVC, Spring Boot, Spring Data JPA, etc), Struts e Android.;5;0,5
8;the same;the same;the same;Analista de Infraestrutura - SÌ»nior; Atuar com configuraÌ¤Ì£o e implantaÌ¤Ì£o de redes, manutenÌ¤Ì£o de servidores e data center, planejar capacidade e desenvolver projetos de melhorias dos serviÌ¤os corporativos., Ensino Superior.;3;0,7
9;the same;the same;the same;Desenvolvedor Fullstack - Foco em Front; Desenvolvimento de projetos e produtos da empresa (SaaS). ManutenÌ¤Ì£o e testes., FormaÌ¤Ì£o na ÌÁrea de Tecnologia ou CiÌ»ncias Exatas., Conhecimento em Front-end para Web Development, Node.js e JavaScript (intermediÌÁrio) - APIs. Diferenciais: C# e/ou ASP.Net, idealmente .Net core, Web framework/MVH (AngularJS, React, Vue.js), idealmente Angular 2/4, SQL, MongoDB ou Neo4J (ou outro banco ou tecnologia de grafos), Big data, BI, dashboards, Crawling, desenvolvimento de APP hÌ?brido ou nativo para iOS e Android, UX, Design, inteligÌ»ncia artificial (bots, machine learning, NLP etc.), Webhooks, seguranÌ¤a da informaÌ¤Ì£o, Azure e/ou escalabilidade de servidores cloud Habilidades e perfil de gestÌ£o.;5;0,5
0;Recruiter,Backend Developer,Backend Developer;High School;ProgramaÌ¤Ì£o funcional,JavaScript,Python,Git,Linux,MySQL,SQL,Desenvolvimento de software,Desenvolvimento de programas,Banco de dados,CSS;Analista Desenvolvedor Java; Atuar no desenvolvimento e manutenÌ¤Ì£o de sistemas Backend em JAVA., ExperiÌ»ncia no desenvolvimento e manutenÌ¤Ì£o de sistemas WEB em JAVA. ExperiÌ»ncia com integraÌ¤Ì£o de sistemas., Ensino Superior cursando., Conhecimentos bancos de dados SQL.;8;0,2
1;the same;the same;the same;Analista de Desenvolvimento Java; IrÌÁ atuar no desenvolvimento e manutenÌ¤Ì£o de sistemas backend em JAVA., ExperiÌ»ncia no desenvolvimento e manutenÌ¤Ì£o de sistemas WEB em JAVA., Ensino Superior cursando., InglÌ»s - TÌ©cnico;8;0,2
2;the same;the same;the same;Desenvolvedor Frontend Pleno; Desenvolvimento de sistemas e sites web baseados em design provido. Realizar integraÌ¤Ì£o com serviÌ¤os backend utilizando JSON. Publicar material produzido em repositÌ?rio GIT. Debater tecnicamente com a equipe de backend e design durante as atividades de planejamento. Gerenciar seu backlog no JIRA utilizando Scrum., DesejÌÁvel cursando Superior. ExperiÌ»ncias e qualificaÌ¤Ìµes: BootStrap, CSS e HTML. Conhecimento avanÌ¤ado com JavaScript. Framework ReactNative com redux. IntegraÌ¤Ì£o com BackEnd RestFul. ProgramaÌ¤Ì£o JAVA BackEnd (Spring MVC, Maven, Spring DB, webservices e JSON) - serÌÁ considerado um diferencial e banco de dados Oracle.;4;0,6
3;the same;the same;the same;Web Developer PHP SÌ»nior; Atuar com programaÌ¤Ì£o de Sistemas ERP em ambiente Web, testes e configuraÌ¤Ìµes. Ensino Superior na ÌÁrea de Tecnologia ou Engenharia. SÌ?lidos conhecimentos de PHP / MySQL, HTML, CSS, Bootstrap, jQuery e JavaScript.;6;0,4
4;the same;the same;the same;Desenvolvedor Front-end; Desenvolvimento de sistemas e sites web baseados em design provido. Realizar integraÌ¤Ì£o com serviÌ¤os backend utilizando JSON. Publicar material produzido em repositÌ?rio GIT. Debater tecnicamente com a equipe de backend e design durante as atividades de planejamento. Gerenciar seu backlog no JIRA utilizando Scrum., DesejÌÁvel GraduaÌ¤Ì£o Cursando., Conhecimento avanÌ¤ado com Java script, Framework ReactNative com redux. IntegraÌ¤Ì£o com BackEnd RestFul. ProgramaÌ¤Ì£o JAVA BackEnd (Spring MVC, Maven, Spring DB, webservices e JSON) - serÌÁ considerado um diferencial. Banco de dados Oracle.;4;0,6
5;the same;the same;the same;Desenvolvedor Java Backend; Atuar no desenvolvimento em Java Backend, Webserves, barramento de serviÌ¤os e banco de dados., ExperiÌ»ncia em Java Backend.;7;0,3
6;the same;the same;the same;Analista Programador PHP Pleno; Trabalhar na criaÌ¤Ì£o de sistemas web sites e manutenÌ¤Ì£o, sites e sistemas existentes. Realizar testes e configuraÌ¤Ìµes. O perfil do programador Ì© mais focado para o backend, mas a atividade nÌ£o se resume somente a isso. Desenvolvimento serÌÁ tanto Front-end quanto Backend. DomÌ?nio em: CodeIgniter, Javascript, HTML e CSS. Conhecimentos em: jQuery, Bootstrap, Git e MySQL.;7;0,3
7;the same;the same;the same;Desenvolvedor PHP; Trabalhar na criaÌ¤Ì£o de sistemas web sites e manutenÌ¤Ì£o, sites e sistemas existentes. Realizar testes e configuraÌ¤Ìµes. O perfil do programador Ì© mais focado para o backend, mas a atividade nÌ£o se resume somente a isso. Desenvolvimento serÌÁ tanto Front-end quanto Backend., Ensino Superior., DomÌ?nio em: CodeIgniter, Javascript, HTML e CSS. Conhecimentos em: jQuery, Bootstrap, Git e MySQL. ProgramaÌ¤Ì£o: CSS, HTML, JavaScript, jQuery;7;0,3
8;the same;the same;the same;Programador Full Stack Developer; AtuarÌÁ em Startup com as seguintes experiÌ»ncias: Html, CSS, JavaScript, Node JS e Banco de dados SQL., DesejÌÁvel experiÌ»ncia como programador Full Stack developer., Ensino Superior completo na ÌÁrea de TI.;5;0,5
9;the same;the same;the same;Full-Stack Developer; IrÌÁ atuar com PHP, HTML5, CSS entre outras atividades., Ensino Superior., Conhecimento em Node.js e Angular;5;0,5
